// SPDX-License-Identifier: Apache-2.0
//
// GENERATED FILE - do not edit by hand.
// Produced by apps/tools/font_gen/generate_fonts.py on 2026-09-05
// from third_party/fonts/dejavu-sans/DejaVuSans.ttf (Bitstream Vera
// license; see third_party/fonts/dejavu-sans/LICENSE), rasterized at 64px.
// Re-run the generator and commit the result to change it.

#include "ui/fonts/font.h"
#include "ui/fonts/font_dejavu_sans.h"

static const uint8_t k_bitmap_data[17305] = {
    0x7e, 0x7e, 0x7e, 0x7e, 0x7e, 0x7e, 0x7e, 0x7e, 0x7e, 0x7e, 0x7e, 0x7e, 0x7e, 0x7e, 0x7e, 0x7e,
    0x7e, 0x7e, 0x7e, 0x7e, 0x7e, 0x7e, 0x7e, 0x7e, 0x7e, 0x7e, 0x7e, 0x7e, 0x7e, 0x7e, 0x7c, 0x7c,
    0x00, 0x00, 0x00, 0x00, 0x00, 0x00, 0x00, 0x7e, 0x7e, 0x7e, 0x7e, 0x7e, 0x7e, 0x7e, 0x7e, 0xf8,
    0x0f, 0x80, 0xf8, 0x0f, 0x80, 0xf8, 0x0f, 0x80, 0xf8, 0x0f, 0x80, 0xf8, 0x0f, 0x80, 0xf8, 0x0f,
    0x80, 0xf8, 0x0f, 0x80, 0xf8, 0x0f, 0x80, 0xf8, 0x0f, 0x80, 0xf8, 0x0f, 0x80, 0xf8, 0x0f, 0x80,
    0xf8, 0x0f, 0x80, 0xf8, 0x0f, 0x80, 0xf8, 0x0f, 0x80, 0xf8, 0x0f, 0x80, 0xf8, 0x0f, 0x80, 0xf8,
    0x0f, 0x80, 0x00, 0x00, 0x1f, 0x00, 0x7c, 0x00, 0x00, 0x00, 0x1f, 0x00, 0x7c, 0x00, 0x00, 0x00,
    0x3e, 0x00, 0x7c, 0x00, 0x00, 0x00, 0x3e, 0x00, 0xf8, 0x00, 0x00, 0x00, 0x3e, 0x00, 0xf8, 0x00,
    0x00, 0x00, 0x3e, 0x00, 0xf8, 0x00, 0x00, 0x00, 0x7c, 0x00, 0xf8, 0x00, 0x00, 0x00, 0x7c, 0x01,
    0xf0, 0x00, 0x00, 0x00, 0x7c, 0x01, 0xf0, 0x00, 0x00, 0x00, 0x7c, 0x01, 0xf0, 0x00, 0x00, 0x00,
    0xf8, 0x01, 0xf0, 0x00, 0x00, 0x00, 0xf8, 0x03, 0xe0, 0x00, 0x00, 0x00, 0xf8, 0x03, 0xe0, 0x00,
    0x0f, 0xff, 0xff, 0xff, 0xff, 0xf8, 0x0f, 0xff, 0xff, 0xff, 0xff, 0xf8, 0x0f, 0xff, 0xff, 0xff,
    0xff, 0xf8, 0x0f, 0xff, 0xff, 0xff, 0xff, 0xf8, 0x0f, 0xff, 0xff, 0xff, 0xff, 0xf8, 0x00, 0x03,
    0xe0, 0x07, 0xc0, 0x00, 0x00, 0x03, 0xe0, 0x0f, 0x80, 0x00, 0x00, 0x03, 0xe0, 0x0f, 0x80, 0x00,
    0x00, 0x03, 0xe0, 0x0f, 0x80, 0x00, 0x00, 0x07, 0xc0, 0x0f, 0x80, 0x00, 0x00, 0x07, 0xc0, 0x1f,
    0x00, 0x00, 0x00, 0x07, 0xc0, 0x1f, 0x00, 0x00, 0x00, 0x07, 0xc0, 0x1f, 0x00, 0x00, 0x00, 0x0f,
    0x80, 0x1f, 0x00, 0x00, 0x00, 0x0f, 0x80, 0x3e, 0x00, 0x00, 0x7f, 0xff, 0xff, 0xff, 0xff, 0x80,
    0x7f, 0xff, 0xff, 0xff, 0xff, 0x80, 0x7f, 0xff, 0xff, 0xff, 0xff, 0x80, 0x7f, 0xff, 0xff, 0xff,
    0xff, 0x80, 0x7f, 0xff, 0xff, 0xff, 0xff, 0x80, 0x00, 0x1f, 0x00, 0x7c, 0x00, 0x00, 0x00, 0x3e,
    0x00, 0x7c, 0x00, 0x00, 0x00, 0x3e, 0x00, 0xf8, 0x00, 0x00, 0x00, 0x3e, 0x00, 0xf8, 0x00, 0x00,
    0x00, 0x3e, 0x00, 0xf8, 0x00, 0x00, 0x00, 0x7c, 0x00, 0xf8, 0x00, 0x00, 0x00, 0x7c, 0x01, 0xf0,
    0x00, 0x00, 0x00, 0x7c, 0x01, 0xf0, 0x00, 0x00, 0x00, 0x7c, 0x01, 0xf0, 0x00, 0x00, 0x00, 0xf8,
    0x01, 0xf0, 0x00, 0x00, 0x00, 0xf8, 0x03, 0xe0, 0x00, 0x00, 0x00, 0xf8, 0x03, 0xe0, 0x00, 0x00,
    0x00, 0xf8, 0x03, 0xe0, 0x00, 0x00, 0x00, 0x07, 0x80, 0x00, 0x00, 0x07, 0x80, 0x00, 0x00, 0x07,
    0x80, 0x00, 0x00, 0x07, 0x80, 0x00, 0x00, 0x07, 0x80, 0x00, 0x00, 0x07, 0x80, 0x00, 0x00, 0x07,
    0x80, 0x00, 0x00, 0x3f, 0xfc, 0x00, 0x01, 0xff, 0xff, 0xc0, 0x07, 0xff, 0xff, 0xf0, 0x0f, 0xff,
    0xff, 0xf0, 0x1f, 0xff, 0xff, 0xf0, 0x3f, 0xe7, 0x83, 0xf0, 0x7f, 0x87, 0x80, 0x30, 0x7e, 0x07,
    0x80, 0x00, 0x7e, 0x07, 0x80, 0x00, 0xfc, 0x07, 0x80, 0x00, 0xfc, 0x07, 0x80, 0x00, 0xfc, 0x07,
    0x80, 0x00, 0xfc, 0x07, 0x80, 0x00, 0x7e, 0x07, 0x80, 0x00, 0x7f, 0x07, 0x80, 0x00, 0x7f, 0x87,
    0x80, 0x00, 0x3f, 0xf7, 0x80, 0x00, 0x1f, 0xff, 0xc0, 0x00, 0x0f, 0xff, 0xfc, 0x00, 0x07, 0xff,
    0xff, 0x00, 0x00, 0xff, 0xff, 0xc0, 0x00, 0x1f, 0xff, 0xe0, 0x00, 0x07, 0xff, 0xf0, 0x00, 0x07,
    0x8f, 0xf8, 0x00, 0x07, 0x83, 0xf8, 0x00, 0x07, 0x81, 0xfc, 0x00, 0x07, 0x80, 0xfc, 0x00, 0x07,
    0x80, 0xfc, 0x00, 0x07, 0x80, 0x7c, 0x00, 0x07, 0x80, 0x7c, 0x00, 0x07, 0x80, 0xfc, 0x00, 0x07,
    0x80, 0xfc, 0x80, 0x07, 0x80, 0xfc, 0xe0, 0x07, 0x81, 0xfc, 0xf8, 0x07, 0x83, 0xf8, 0xff, 0x87,
    0x9f, 0xf8, 0xff, 0xff, 0xff, 0xf0, 0xff, 0xff, 0xff, 0xe0, 0x3f, 0xff, 0xff, 0x80, 0x0f, 0xff,
    0xfe, 0x00, 0x00, 0x7f, 0xf0, 0x00, 0x00, 0x07, 0x80, 0x00, 0x00, 0x07, 0x80, 0x00, 0x00, 0x07,
    0x80, 0x00, 0x00, 0x07, 0x80, 0x00, 0x00, 0x07, 0x80, 0x00, 0x00, 0x07, 0x80, 0x00, 0x00, 0x07,
    0x80, 0x00, 0x00, 0x07, 0x80, 0x00, 0x00, 0x07, 0x80, 0x00, 0x00, 0xfe, 0x00, 0x00, 0x01, 0xf0,
    0x00, 0x03, 0xff, 0x80, 0x00, 0x01, 0xf0, 0x00, 0x0f, 0xff, 0xc0, 0x00, 0x03, 0xe0, 0x00, 0x1f,
    0xff, 0xe0, 0x00, 0x07, 0xc0, 0x00, 0x1f, 0x87, 0xf0, 0x00, 0x07, 0xc0, 0x00, 0x3f, 0x01, 0xf8,
    0x00, 0x0f, 0x80, 0x00, 0x3e, 0x00, 0xf8, 0x00, 0x0f, 0x80, 0x00, 0x7c, 0x00, 0xf8, 0x00, 0x1f,
    0x00, 0x00, 0x7c, 0x00, 0x7c, 0x00, 0x3e, 0x00, 0x00, 0x7c, 0x00, 0x7c, 0x00, 0x3e, 0x00, 0x00,
    0x7c, 0x00, 0x7c, 0x00, 0x7c, 0x00, 0x00, 0x7c, 0x00, 0x7c, 0x00, 0x7c, 0x00, 0x00, 0x7c, 0x00,
    0x7c, 0x00, 0xf8, 0x00, 0x00, 0x7c, 0x00, 0x7c, 0x01, 0xf0, 0x00, 0x00, 0x7c, 0x00, 0x7c, 0x01,
    0xf0, 0x00, 0x00, 0x7c, 0x00, 0x7c, 0x03, 0xe0, 0x00, 0x00, 0x7c, 0x00, 0x7c, 0x03, 0xe0, 0x00,
    0x00, 0x7c, 0x00, 0xf8, 0x07, 0xc0, 0x00, 0x00, 0x3e, 0x00, 0xf8, 0x0f, 0x80, 0x00, 0x00, 0x3f,
    0x01, 0xf8, 0x0f, 0x80, 0x00, 0x00, 0x1f, 0x87, 0xf0, 0x1f, 0x00, 0x00, 0x00, 0x1f, 0xff, 0xe0,
    0x1f, 0x00, 0x00, 0x00, 0x0f, 0xff, 0xc0, 0x3e, 0x00, 0x00, 0x00, 0x03, 0xff, 0x80, 0x7e, 0x00,
    0x00, 0x00, 0x00, 0xfe, 0x00, 0x7c, 0x00, 0xfe, 0x00, 0x00, 0x00, 0x00, 0xf8, 0x03, 0xff, 0x80,
    0x00, 0x00, 0x00, 0xf8, 0x07, 0xff, 0xc0, 0x00, 0x00, 0x01, 0xf0, 0x0f, 0xff, 0xe0, 0x00, 0x00,
    0x01, 0xf0, 0x1f, 0x83, 0xf0, 0x00, 0x00, 0x03, 0xe0, 0x3f, 0x01, 0xf8, 0x00, 0x00, 0x07, 0xc0,
    0x3e, 0x00, 0xf8, 0x00, 0x00, 0x07, 0xc0, 0x7e, 0x00, 0xfc, 0x00, 0x00, 0x0f, 0x80, 0x7c, 0x00,
    0x7c, 0x00, 0x00, 0x0f, 0x80, 0x7c, 0x00, 0x7c, 0x00, 0x00, 0x1f, 0x00, 0x7c, 0x00, 0x7c, 0x00,
    0x00, 0x3e, 0x00, 0x7c, 0x00, 0x7c, 0x00, 0x00, 0x3e, 0x00, 0x7c, 0x00, 0x7c, 0x00, 0x00, 0x7c,
    0x00, 0x7c, 0x00, 0x7c, 0x00, 0x00, 0x7c, 0x00, 0x7c, 0x00, 0x7c, 0x00, 0x00, 0xf8, 0x00, 0x7c,
    0x00, 0x7c, 0x00, 0x01, 0xf0, 0x00, 0x7c, 0x00, 0x7c, 0x00, 0x01, 0xf0, 0x00, 0x7e, 0x00, 0xfc,
    0x00, 0x03, 0xe0, 0x00, 0x3e, 0x00, 0xf8, 0x00, 0x03, 0xe0, 0x00, 0x3f, 0x01, 0xf8, 0x00, 0x07,
    0xc0, 0x00, 0x1f, 0x83, 0xf0, 0x00, 0x0f, 0x80, 0x00, 0x0f, 0xff, 0xe0, 0x00, 0x0f, 0x80, 0x00,
    0x07, 0xff, 0xc0, 0x00, 0x1f, 0x00, 0x00, 0x03, 0xff, 0x80, 0x00, 0x1f, 0x00, 0x00, 0x00, 0xfe,
    0x00, 0x00, 0x03, 0xfe, 0x00, 0x00, 0x00, 0x00, 0x1f, 0xff, 0xe0, 0x00, 0x00, 0x00, 0x3f, 0xff,
    0xf0, 0x00, 0x00, 0x00, 0x7f, 0xff, 0xf0, 0x00, 0x00, 0x00, 0xff, 0xff, 0xf0, 0x00, 0x00, 0x01,
    0xff, 0x03, 0xf0, 0x00, 0x00, 0x03, 0xfc, 0x00, 0x70, 0x00, 0x00, 0x03, 0xf8, 0x00, 0x10, 0x00,
    0x00, 0x03, 0xf0, 0x00, 0x00, 0x00, 0x00, 0x03, 0xf0, 0x00, 0x00, 0x00, 0x00, 0x07, 0xe0, 0x00,
    0x00, 0x00, 0x00, 0x07, 0xe0, 0x00, 0x00, 0x00, 0x00, 0x07, 0xe0, 0x00, 0x00, 0x00, 0x00, 0x03,
    0xf0, 0x00, 0x00, 0x00, 0x00, 0x03, 0xf0, 0x00, 0x00, 0x00, 0x00, 0x03, 0xf8, 0x00, 0x00, 0x00,
    0x00, 0x01, 0xf8, 0x00, 0x00, 0x00, 0x00, 0x01, 0xfc, 0x00, 0x00, 0x00, 0x00, 0x00, 0xfe, 0x00,
    0x00, 0x00, 0x00, 0x00, 0xff, 0x00, 0x00, 0x00, 0x00, 0x01, 0xff, 0x80, 0x00, 0x00, 0x00, 0x03,
    0xff, 0xc0, 0x00, 0x00, 0x00, 0x07, 0xff, 0xe0, 0x00, 0x00, 0x00, 0x0f, 0xef, 0xf0, 0x00, 0x0f,
    0xc0, 0x1f, 0xc7, 0xf8, 0x00, 0x0f, 0xc0, 0x3f, 0x83, 0xfc, 0x00, 0x0f, 0x80, 0x3f, 0x01, 0xfe,
    0x00, 0x0f, 0x80, 0x7f, 0x00, 0xff, 0x00, 0x1f, 0x80, 0x7e, 0x00, 0x7f, 0x80, 0x1f, 0x80, 0x7e,
    0x00, 0x3f, 0xc0, 0x1f, 0x00, 0xfc, 0x00, 0x1f, 0xe0, 0x3f, 0x00, 0xfc, 0x00, 0x0f, 0xf0, 0x3f,
    0x00, 0xfc, 0x00, 0x07, 0xf8, 0x3e, 0x00, 0xfc, 0x00, 0x03, 0xfc, 0x7e, 0x00, 0xfc, 0x00, 0x01,
    0xfe, 0x7c, 0x00, 0xfc, 0x00, 0x00, 0xff, 0xfc, 0x00, 0xfe, 0x00, 0x00, 0x7f, 0xf8, 0x00, 0xfe,
    0x00, 0x00, 0x3f, 0xf0, 0x00, 0x7e, 0x00, 0x00, 0x1f, 0xf0, 0x00, 0x7f, 0x00, 0x00, 0x0f, 0xf0,
    0x00, 0x3f, 0x80, 0x00, 0x0f, 0xf0, 0x00, 0x3f, 0xc0, 0x00, 0x3f, 0xf8, 0x00, 0x1f, 0xf0, 0x00,
    0xff, 0xfc, 0x00, 0x0f, 0xfc, 0x07, 0xff, 0xfe, 0x00, 0x07, 0xff, 0xff, 0xfc, 0x7f, 0x00, 0x03,
    0xff, 0xff, 0xf8, 0x3f, 0x80, 0x01, 0xff, 0xff, 0xe0, 0x1f, 0xc0, 0x00, 0x7f, 0xff, 0x80, 0x0f,
    0xe0, 0x00, 0x0f, 0xfc, 0x00, 0x00, 0x00, 0xf8, 0xf8, 0xf8, 0xf8, 0xf8, 0xf8, 0xf8, 0xf8, 0xf8,
    0xf8, 0xf8, 0xf8, 0xf8, 0xf8, 0xf8, 0xf8, 0xf8, 0x00, 0x3e, 0x00, 0x7c, 0x00, 0xf8, 0x00, 0xf8,
    0x01, 0xf0, 0x01, 0xf0, 0x03, 0xf0, 0x03, 0xe0, 0x07, 0xe0, 0x07, 0xc0, 0x0f, 0xc0, 0x0f, 0xc0,
    0x0f, 0x80, 0x1f, 0x80, 0x1f, 0x80, 0x1f, 0x00, 0x3f, 0x00, 0x3f, 0x00, 0x3f, 0x00, 0x7e, 0x00,
    0x7e, 0x00, 0x7e, 0x00, 0x7e, 0x00, 0x7e, 0x00, 0x7e, 0x00, 0x7e, 0x00, 0x7e, 0x00, 0x7e, 0x00,
    0x7e, 0x00, 0x7e, 0x00, 0x7e, 0x00, 0x7e, 0x00, 0x7e, 0x00, 0x7e, 0x00, 0x7e, 0x00, 0x7e, 0x00,
    0x7e, 0x00, 0x7e, 0x00, 0x3f, 0x00, 0x3f, 0x00, 0x3f, 0x00, 0x1f, 0x00, 0x1f, 0x80, 0x1f, 0x80,
    0x0f, 0x80, 0x0f, 0xc0, 0x0f, 0xc0, 0x07, 0xc0, 0x07, 0xe0, 0x03, 0xe0, 0x03, 0xf0, 0x01, 0xf0,
    0x01, 0xf0, 0x00, 0xf8, 0x00, 0xf8, 0x00, 0x7c, 0x00, 0x3e, 0xf8, 0x00, 0x7c, 0x00, 0x7e, 0x00,
    0x3e, 0x00, 0x1f, 0x00, 0x1f, 0x00, 0x1f, 0x80, 0x0f, 0x80, 0x0f, 0xc0, 0x07, 0xc0, 0x07, 0xe0,
    0x07, 0xe0, 0x03, 0xe0, 0x03, 0xf0, 0x03, 0xf0, 0x01, 0xf0, 0x01, 0xf8, 0x01, 0xf8, 0x01, 0xf8,
    0x00, 0xf8, 0x00, 0xfc, 0x00, 0xfc, 0x00, 0xfc, 0x00, 0xfc, 0x00, 0xfc, 0x00, 0xfc, 0x00, 0xfc,
    0x00, 0xfc, 0x00, 0xfc, 0x00, 0xfc, 0x00, 0xfc, 0x00, 0xfc, 0x00, 0xfc, 0x00, 0xfc, 0x00, 0xfc,
    0x00, 0xfc, 0x00, 0xfc, 0x00, 0xf8, 0x01, 0xf8, 0x01, 0xf8, 0x01, 0xf8, 0x01, 0xf0, 0x03, 0xf0,
    0x03, 0xf0, 0x03, 0xe0, 0x07, 0xe0, 0x07, 0xe0, 0x07, 0xc0, 0x0f, 0xc0, 0x0f, 0x80, 0x1f, 0x80,
    0x1f, 0x00, 0x1f, 0x00, 0x3e, 0x00, 0x7e, 0x00, 0x7c, 0x00, 0xf8, 0x00, 0x00, 0x07, 0x80, 0x00,
    0x00, 0x07, 0x80, 0x00, 0x00, 0x07, 0x80, 0x00, 0x00, 0x07, 0x80, 0x00, 0x00, 0x07, 0x80, 0x00,
    0x00, 0x07, 0x80, 0x00, 0x30, 0x07, 0x80, 0x30, 0x38, 0x07, 0x80, 0x70, 0x7e, 0x07, 0x81, 0xf8,
    0x3f, 0x87, 0x87, 0xf0, 0x0f, 0xc7, 0x8f, 0xc0, 0x03, 0xf7, 0xbf, 0x00, 0x01, 0xff, 0xfe, 0x00,
    0x00, 0x7f, 0xf8, 0x00, 0x00, 0x1f, 0xe0, 0x00, 0x00, 0x1f, 0xe0, 0x00, 0x00, 0x7f, 0xf8, 0x00,
    0x01, 0xff, 0xfe, 0x00, 0x03, 0xf7, 0xbf, 0x00, 0x0f, 0xc7, 0x8f, 0xc0, 0x3f, 0x87, 0x87, 0xf0,
    0x7e, 0x07, 0x81, 0xf8, 0x38, 0x07, 0x80, 0x70, 0x30, 0x07, 0x80, 0x30, 0x00, 0x07, 0x80, 0x00,
    0x00, 0x07, 0x80, 0x00, 0x00, 0x07, 0x80, 0x00, 0x00, 0x07, 0x80, 0x00, 0x00, 0x07, 0x80, 0x00,
    0x00, 0x07, 0x80, 0x00, 0x00, 0x00, 0x3e, 0x00, 0x00, 0x00, 0x00, 0x00, 0x3e, 0x00, 0x00, 0x00,
    0x00, 0x00, 0x3e, 0x00, 0x00, 0x00, 0x00, 0x00, 0x3e, 0x00, 0x00, 0x00, 0x00, 0x00, 0x3e, 0x00,
    0x00, 0x00, 0x00, 0x00, 0x3e, 0x00, 0x00, 0x00, 0x00, 0x00, 0x3e, 0x00, 0x00, 0x00, 0x00, 0x00,
    0x3e, 0x00, 0x00, 0x00, 0x00, 0x00, 0x3e, 0x00, 0x00, 0x00, 0x00, 0x00, 0x3e, 0x00, 0x00, 0x00,
    0x00, 0x00, 0x3e, 0x00, 0x00, 0x00, 0x00, 0x00, 0x3e, 0x00, 0x00, 0x00, 0x00, 0x00, 0x3e, 0x00,
    0x00, 0x00, 0x00, 0x00, 0x3e, 0x00, 0x00, 0x00, 0x00, 0x00, 0x3e, 0x00, 0x00, 0x00, 0x00, 0x00,
    0x3e, 0x00, 0x00, 0x00, 0x00, 0x00, 0x3e, 0x00, 0x00, 0x00, 0x7f, 0xff, 0xff, 0xff, 0xff, 0x80,
    0x7f, 0xff, 0xff, 0xff, 0xff, 0x80, 0x7f, 0xff, 0xff, 0xff, 0xff, 0x80, 0x7f, 0xff, 0xff, 0xff,
    0xff, 0x80, 0x7f, 0xff, 0xff, 0xff, 0xff, 0x80, 0x00, 0x00, 0x3e, 0x00, 0x00, 0x00, 0x00, 0x00,
    0x3e, 0x00, 0x00, 0x00, 0x00, 0x00, 0x3e, 0x00, 0x00, 0x00, 0x00, 0x00, 0x3e, 0x00, 0x00, 0x00,
    0x00, 0x00, 0x3e, 0x00, 0x00, 0x00, 0x00, 0x00, 0x3e, 0x00, 0x00, 0x00, 0x00, 0x00, 0x3e, 0x00,
    0x00, 0x00, 0x00, 0x00, 0x3e, 0x00, 0x00, 0x00, 0x00, 0x00, 0x3e, 0x00, 0x00, 0x00, 0x00, 0x00,
    0x3e, 0x00, 0x00, 0x00, 0x00, 0x00, 0x3e, 0x00, 0x00, 0x00, 0x00, 0x00, 0x3e, 0x00, 0x00, 0x00,
    0x00, 0x00, 0x3e, 0x00, 0x00, 0x00, 0x00, 0x00, 0x3e, 0x00, 0x00, 0x00, 0x00, 0x00, 0x3e, 0x00,
    0x00, 0x00, 0x00, 0x00, 0x3e, 0x00, 0x00, 0x00, 0x00, 0x00, 0x3e, 0x00, 0x00, 0x00, 0x1f, 0xc0,
    0x1f, 0xc0, 0x1f, 0xc0, 0x1f, 0xc0, 0x1f, 0xc0, 0x1f, 0xc0, 0x1f, 0x80, 0x1f, 0x80, 0x1f, 0x00,
    0x3f, 0x00, 0x3e, 0x00, 0x3e, 0x00, 0x3c, 0x00, 0x7c, 0x00, 0x78, 0x00, 0xff, 0xff, 0x80, 0xff,
    0xff, 0x80, 0xff, 0xff, 0x80, 0xff, 0xff, 0x80, 0xff, 0xff, 0x80, 0x7e, 0x7e, 0x7e, 0x7e, 0x7e,
    0x7e, 0x7e, 0x7e, 0x00, 0x00, 0xf8, 0x00, 0x00, 0xf8, 0x00, 0x01, 0xf8, 0x00, 0x01, 0xf0, 0x00,
    0x01, 0xf0, 0x00, 0x01, 0xf0, 0x00, 0x03, 0xf0, 0x00, 0x03, 0xe0, 0x00, 0x03, 0xe0, 0x00, 0x07,
    0xe0, 0x00, 0x07, 0xc0, 0x00, 0x07, 0xc0, 0x00, 0x0f, 0xc0, 0x00, 0x0f, 0x80, 0x00, 0x0f, 0x80,
    0x00, 0x1f, 0x80, 0x00, 0x1f, 0x80, 0x00, 0x1f, 0x00, 0x00, 0x1f, 0x00, 0x00, 0x3f, 0x00, 0x00,
    0x3e, 0x00, 0x00, 0x3e, 0x00, 0x00, 0x7e, 0x00, 0x00, 0x7c, 0x00, 0x00, 0x7c, 0x00, 0x00, 0xfc,
    0x00, 0x00, 0xf8, 0x00, 0x00, 0xf8, 0x00, 0x00, 0xf8, 0x00, 0x01, 0xf8, 0x00, 0x01, 0xf0, 0x00,
    0x01, 0xf0, 0x00, 0x03, 0xf0, 0x00, 0x03, 0xe0, 0x00, 0x03, 0xe0, 0x00, 0x07, 0xe0, 0x00, 0x07,
    0xc0, 0x00, 0x07, 0xc0, 0x00, 0x0f, 0xc0, 0x00, 0x0f, 0x80, 0x00, 0x0f, 0x80, 0x00, 0x0f, 0x80,
    0x00, 0x1f, 0x80, 0x00, 0x1f, 0x00, 0x00, 0x1f, 0x00, 0x00, 0x3f, 0x00, 0x00, 0x3e, 0x00, 0x00,
    0x3e, 0x00, 0x00, 0x7e, 0x00, 0x00, 0x7c, 0x00, 0x00, 0x7c, 0x00, 0x00, 0xfc, 0x00, 0x00, 0xf8,
    0x00, 0x00, 0x00, 0x0f, 0xf0, 0x00, 0x00, 0x00, 0x3f, 0xfe, 0x00, 0x00, 0x00, 0xff, 0xff, 0x80,
    0x00, 0x01, 0xff, 0xff, 0xc0, 0x00, 0x03, 0xff, 0xff, 0xe0, 0x00, 0x07, 0xfc, 0x1f, 0xf0, 0x00,
    0x0f, 0xf0, 0x07, 0xf0, 0x00, 0x0f, 0xe0, 0x03, 0xf8, 0x00, 0x1f, 0xc0, 0x01, 0xfc, 0x00, 0x1f,
    0x80, 0x01, 0xfc, 0x00, 0x3f, 0x80, 0x00, 0xfc, 0x00, 0x3f, 0x00, 0x00, 0xfe, 0x00, 0x3f, 0x00,
    0x00, 0x7e, 0x00, 0x7f, 0x00, 0x00, 0x7e, 0x00, 0x7e, 0x00, 0x00, 0x7f, 0x00, 0x7e, 0x00, 0x00,
    0x7f, 0x00, 0x7e, 0x00, 0x00, 0x3f, 0x00, 0x7e, 0x00, 0x00, 0x3f, 0x00, 0x7e, 0x00, 0x00, 0x3f,
    0x00, 0xfe, 0x00, 0x00, 0x3f, 0x00, 0xfe, 0x00, 0x00, 0x3f, 0x00, 0xfe, 0x00, 0x00, 0x3f, 0x00,
    0xfe, 0x00, 0x00, 0x3f, 0x00, 0xfe, 0x00, 0x00, 0x3f, 0x00, 0xfe, 0x00, 0x00, 0x3f, 0x00, 0xfe,
    0x00, 0x00, 0x3f, 0x00, 0xfe, 0x00, 0x00, 0x3f, 0x00, 0xfe, 0x00, 0x00, 0x3f, 0x00, 0xfe, 0x00,
    0x00, 0x3f, 0x00, 0xfe, 0x00, 0x00, 0x3f, 0x00, 0x7e, 0x00, 0x00, 0x3f, 0x00, 0x7e, 0x00, 0x00,
    0x3f, 0x00, 0x7e, 0x00, 0x00, 0x3f, 0x00, 0x7e, 0x00, 0x00, 0x7f, 0x00, 0x7e, 0x00, 0x00, 0x7f,
    0x00, 0x7f, 0x00, 0x00, 0x7e, 0x00, 0x3f, 0x00, 0x00, 0x7e, 0x00, 0x3f, 0x00, 0x00, 0xfe, 0x00,
    0x3f, 0x80, 0x00, 0xfc, 0x00, 0x1f, 0x80, 0x01, 0xfc, 0x00, 0x1f, 0xc0, 0x01, 0xfc, 0x00, 0x0f,
    0xe0, 0x03, 0xf8, 0x00, 0x0f, 0xf0, 0x07, 0xf0, 0x00, 0x07, 0xfc, 0x1f, 0xf0, 0x00, 0x03, 0xff,
    0xff, 0xe0, 0x00, 0x01, 0xff, 0xff, 0xc0, 0x00, 0x00, 0xff, 0xff, 0x80, 0x00, 0x00, 0x3f, 0xfe,
    0x00, 0x00, 0x00, 0x0f, 0xf0, 0x00, 0x00, 0x00, 0xff, 0xc0, 0x00, 0x1f, 0xff, 0xc0, 0x00, 0xff,
    0xff, 0xc0, 0x00, 0xff, 0xff, 0xc0, 0x00, 0xff, 0xff, 0xc0, 0x00, 0xff, 0x1f, 0xc0, 0x00, 0xe0,
    0x1f, 0xc0, 0x00, 0x00, 0x1f, 0xc0, 0x00, 0x00, 0x1f, 0xc0, 0x00, 0x00, 0x1f, 0xc0, 0x00, 0x00,
    0x1f, 0xc0, 0x00, 0x00, 0x1f, 0xc0, 0x00, 0x00, 0x1f, 0xc0, 0x00, 0x00, 0x1f, 0xc0, 0x00, 0x00,
    0x1f, 0xc0, 0x00, 0x00, 0x1f, 0xc0, 0x00, 0x00, 0x1f, 0xc0, 0x00, 0x00, 0x1f, 0xc0, 0x00, 0x00,
    0x1f, 0xc0, 0x00, 0x00, 0x1f, 0xc0, 0x00, 0x00, 0x1f, 0xc0, 0x00, 0x00, 0x1f, 0xc0, 0x00, 0x00,
    0x1f, 0xc0, 0x00, 0x00, 0x1f, 0xc0, 0x00, 0x00, 0x1f, 0xc0, 0x00, 0x00, 0x1f, 0xc0, 0x00, 0x00,
    0x1f, 0xc0, 0x00, 0x00, 0x1f, 0xc0, 0x00, 0x00, 0x1f, 0xc0, 0x00, 0x00, 0x1f, 0xc0, 0x00, 0x00,
    0x1f, 0xc0, 0x00, 0x00, 0x1f, 0xc0, 0x00, 0x00, 0x1f, 0xc0, 0x00, 0x00, 0x1f, 0xc0, 0x00, 0x00,
    0x1f, 0xc0, 0x00, 0x00, 0x1f, 0xc0, 0x00, 0x00, 0x1f, 0xc0, 0x00, 0x00, 0x1f, 0xc0, 0x00, 0x00,
    0x1f, 0xc0, 0x00, 0x00, 0x1f, 0xc0, 0x00, 0x00, 0x1f, 0xc0, 0x00, 0x00, 0x1f, 0xc0, 0x00, 0x7f,
    0xff, 0xff, 0xf0, 0x7f, 0xff, 0xff, 0xf0, 0x7f, 0xff, 0xff, 0xf0, 0x7f, 0xff, 0xff, 0xf0, 0x7f,
    0xff, 0xff, 0xf0, 0x00, 0x3f, 0xe0, 0x00, 0x07, 0xff, 0xfc, 0x00, 0x3f, 0xff, 0xff, 0x00, 0x7f,
    0xff, 0xff, 0x80, 0x7f, 0xff, 0xff, 0xe0, 0x7f, 0xe0, 0x3f, 0xe0, 0x7e, 0x00, 0x0f, 0xf0, 0x78,
    0x00, 0x07, 0xf8, 0x60, 0x00, 0x03, 0xf8, 0x40, 0x00, 0x01, 0xfc, 0x00, 0x00, 0x01, 0xfc, 0x00,
    0x00, 0x01, 0xfc, 0x00, 0x00, 0x00, 0xfc, 0x00, 0x00, 0x00, 0xfc, 0x00, 0x00, 0x00, 0xfc, 0x00,
    0x00, 0x00, 0xfc, 0x00, 0x00, 0x01, 0xfc, 0x00, 0x00, 0x01, 0xfc, 0x00, 0x00, 0x03, 0xf8, 0x00,
    0x00, 0x03, 0xf8, 0x00, 0x00, 0x07, 0xf0, 0x00, 0x00, 0x07, 0xf0, 0x00, 0x00, 0x0f, 0xe0, 0x00,
    0x00, 0x1f, 0xc0, 0x00, 0x00, 0x3f, 0xc0, 0x00, 0x00, 0x7f, 0x80, 0x00, 0x00, 0xff, 0x00, 0x00,
    0x01, 0xfe, 0x00, 0x00, 0x01, 0xfc, 0x00, 0x00, 0x03, 0xf8, 0x00, 0x00, 0x07, 0xf0, 0x00, 0x00,
    0x0f, 0xe0, 0x00, 0x00, 0x1f, 0xc0, 0x00, 0x00, 0x3f, 0x80, 0x00, 0x00, 0x7f, 0x00, 0x00, 0x00,
    0xfe, 0x00, 0x00, 0x01, 0xfe, 0x00, 0x00, 0x03, 0xfc, 0x00, 0x00, 0x07, 0xf8, 0x00, 0x00, 0x0f,
    0xf0, 0x00, 0x00, 0x1f, 0xe0, 0x00, 0x00, 0x3f, 0xc0, 0x00, 0x00, 0x7f, 0x80, 0x00, 0x00, 0x7f,
    0xff, 0xff, 0xfc, 0x7f, 0xff, 0xff, 0xfc, 0x7f, 0xff, 0xff, 0xfc, 0x7f, 0xff, 0xff, 0xfc, 0x7f,
    0xff, 0xff, 0xfc, 0x00, 0x7f, 0xf0, 0x00, 0x0f, 0xff, 0xfe, 0x00, 0x3f, 0xff, 0xff, 0x80, 0x3f,
    0xff, 0xff, 0xe0, 0x3f, 0xff, 0xff, 0xf0, 0x3f, 0xc0, 0x1f, 0xf0, 0x3c, 0x00, 0x07, 0xf8, 0x30,
    0x00, 0x03, 0xfc, 0x00, 0x00, 0x01, 0xfc, 0x00, 0x00, 0x00, 0xfc, 0x00, 0x00, 0x00, 0xfc, 0x00,
    0x00, 0x00, 0xfc, 0x00, 0x00, 0x00, 0xfc, 0x00, 0x00, 0x00, 0xfc, 0x00, 0x00, 0x00, 0xfc, 0x00,
    0x00, 0x00, 0xfc, 0x00, 0x00, 0x01, 0xfc, 0x00, 0x00, 0x03, 0xf8, 0x00, 0x00, 0x07, 0xf0, 0x00,
    0x00, 0x1f, 0xe0, 0x00, 0x7f, 0xff, 0xc0, 0x00, 0x7f, 0xff, 0x00, 0x00, 0x7f, 0xfe, 0x00, 0x00,
    0x7f, 0xff, 0x80, 0x00, 0x7f, 0xff, 0xe0, 0x00, 0x00, 0x3f, 0xf0, 0x00, 0x00, 0x07, 0xf8, 0x00,
    0x00, 0x03, 0xfc, 0x00, 0x00, 0x01, 0xfc, 0x00, 0x00, 0x00, 0xfe, 0x00, 0x00, 0x00, 0x7e, 0x00,
    0x00, 0x00, 0x7e, 0x00, 0x00, 0x00, 0x7e, 0x00, 0x00, 0x00, 0x7f, 0x00, 0x00, 0x00, 0x7f, 0x00,
    0x00, 0x00, 0x7f, 0x00, 0x00, 0x00, 0x7e, 0x00, 0x00, 0x00, 0x7e, 0x00, 0x00, 0x00, 0xfe, 0x00,
    0x00, 0x00, 0xfe, 0x00, 0x00, 0x01, 0xfc, 0x40, 0x00, 0x03, 0xfc, 0x70, 0x00, 0x07, 0xf8, 0x7f,
    0x00, 0x3f, 0xf0, 0x7f, 0xff, 0xff, 0xf0, 0x7f, 0xff, 0xff, 0xc0, 0x7f, 0xff, 0xff, 0x80, 0x1f,
    0xff, 0xfc, 0x00, 0x01, 0xff, 0xe0, 0x00, 0x00, 0x00, 0x1f, 0xe0, 0x00, 0x00, 0x00, 0x1f, 0xe0,
    0x00, 0x00, 0x00, 0x3f, 0xe0, 0x00, 0x00, 0x00, 0x7f, 0xe0, 0x00, 0x00, 0x00, 0x7f, 0xe0, 0x00,
    0x00, 0x00, 0xff, 0xe0, 0x00, 0x00, 0x01, 0xff, 0xe0, 0x00, 0x00, 0x01, 0xf7, 0xe0, 0x00, 0x00,
    0x03, 0xe7, 0xe0, 0x00, 0x00, 0x07, 0xe7, 0xe0, 0x00, 0x00, 0x07, 0xc7, 0xe0, 0x00, 0x00, 0x0f,
    0x87, 0xe0, 0x00, 0x00, 0x1f, 0x87, 0xe0, 0x00, 0x00, 0x1f, 0x07, 0xe0, 0x00, 0x00, 0x3f, 0x07,
    0xe0, 0x00, 0x00, 0x7e, 0x07, 0xe0, 0x00, 0x00, 0x7c, 0x07, 0xe0, 0x00, 0x00, 0xfc, 0x07, 0xe0,
    0x00, 0x01, 0xf8, 0x07, 0xe0, 0x00, 0x01, 0xf0, 0x07, 0xe0, 0x00, 0x03, 0xf0, 0x07, 0xe0, 0x00,
    0x03, 0xe0, 0x07, 0xe0, 0x00, 0x07, 0xe0, 0x07, 0xe0, 0x00, 0x0f, 0xc0, 0x07, 0xe0, 0x00, 0x0f,
    0x80, 0x07, 0xe0, 0x00, 0x1f, 0x80, 0x07, 0xe0, 0x00, 0x3f, 0x00, 0x07, 0xe0, 0x00, 0x3e, 0x00,
    0x07, 0xe0, 0x00, 0x7e, 0x00, 0x07, 0xe0, 0x00, 0xfc, 0x00, 0x07, 0xe0, 0x00, 0xfc, 0x00, 0x07,
    0xe0, 0x00, 0xff, 0xff, 0xff, 0xff, 0xc0, 0xff, 0xff, 0xff, 0xff, 0xc0, 0xff, 0xff, 0xff, 0xff,
    0xc0, 0xff, 0xff, 0xff, 0xff, 0xc0, 0xff, 0xff, 0xff, 0xff, 0xc0, 0x00, 0x00, 0x07, 0xe0, 0x00,
    0x00, 0x00, 0x07, 0xe0, 0x00, 0x00, 0x00, 0x07, 0xe0, 0x00, 0x00, 0x00, 0x07, 0xe0, 0x00, 0x00,
    0x00, 0x07, 0xe0, 0x00, 0x00, 0x00, 0x07, 0xe0, 0x00, 0x00, 0x00, 0x07, 0xe0, 0x00, 0x00, 0x00,
    0x07, 0xe0, 0x00, 0x00, 0x00, 0x07, 0xe0, 0x00, 0x00, 0x00, 0x07, 0xe0, 0x00, 0x00, 0x00, 0x07,
    0xe0, 0x00, 0x1f, 0xff, 0xff, 0xf0, 0x1f, 0xff, 0xff, 0xf0, 0x1f, 0xff, 0xff, 0xf0, 0x1f, 0xff,
    0xff, 0xf0, 0x1f, 0xff, 0xff, 0xf0, 0x1f, 0x80, 0x00, 0x00, 0x1f, 0x80, 0x00, 0x00, 0x1f, 0x80,
    0x00, 0x00, 0x1f, 0x80, 0x00, 0x00, 0x1f, 0x80, 0x00, 0x00, 0x1f, 0x80, 0x00, 0x00, 0x1f, 0x80,
    0x00, 0x00, 0x1f, 0x80, 0x00, 0x00, 0x1f, 0x80, 0x00, 0x00, 0x1f, 0x80, 0x00, 0x00, 0x1f, 0x80,
    0x00, 0x00, 0x1f, 0xbf, 0xe0, 0x00, 0x1f, 0xff, 0xfc, 0x00, 0x1f, 0xff, 0xff, 0x00, 0x1f, 0xff,
    0xff, 0xc0, 0x1f, 0xff, 0xff, 0xe0, 0x1f, 0x00, 0x7f, 0xf0, 0x10, 0x00, 0x0f, 0xf0, 0x00, 0x00,
    0x07, 0xf8, 0x00, 0x00, 0x03, 0xfc, 0x00, 0x00, 0x01, 0xfc, 0x00, 0x00, 0x00, 0xfc, 0x00, 0x00,
    0x00, 0xfe, 0x00, 0x00, 0x00, 0xfe, 0x00, 0x00, 0x00, 0x7e, 0x00, 0x00, 0x00, 0x7e, 0x00, 0x00,
    0x00, 0x7e, 0x00, 0x00, 0x00, 0x7e, 0x00, 0x00, 0x00, 0x7e, 0x00, 0x00, 0x00, 0x7e, 0x00, 0x00,
    0x00, 0xfe, 0x00, 0x00, 0x00, 0xfe, 0x00, 0x00, 0x00, 0xfc, 0x00, 0x00, 0x01, 0xfc, 0x00, 0x00,
    0x03, 0xfc, 0x40, 0x00, 0x07, 0xf8, 0x70, 0x00, 0x0f, 0xf0, 0x7f, 0x00, 0x7f, 0xf0, 0x7f, 0xff,
    0xff, 0xe0, 0x7f, 0xff, 0xff, 0xc0, 0x7f, 0xff, 0xff, 0x00, 0x1f, 0xff, 0xfc, 0x00, 0x01, 0xff,
    0xe0, 0x00, 0x00, 0x01, 0xff, 0x80, 0x00, 0x00, 0x0f, 0xff, 0xf0, 0x00, 0x00, 0x3f, 0xff, 0xfc,
    0x00, 0x00, 0x7f, 0xff, 0xfc, 0x00, 0x00, 0xff, 0xff, 0xfc, 0x00, 0x01, 0xff, 0x00, 0xfc, 0x00,
    0x03, 0xfc, 0x00, 0x1c, 0x00, 0x07, 0xf0, 0x00, 0x04, 0x00, 0x0f, 0xe0, 0x00, 0x00, 0x00, 0x0f,
    0xc0, 0x00, 0x00, 0x00, 0x1f, 0xc0, 0x00, 0x00, 0x00, 0x1f, 0x80, 0x00, 0x00, 0x00, 0x3f, 0x80,
    0x00, 0x00, 0x00, 0x3f, 0x00, 0x00, 0x00, 0x00, 0x3f, 0x00, 0x00, 0x00, 0x00, 0x3f, 0x00, 0x00,
    0x00, 0x00, 0x7e, 0x03, 0xfc, 0x00, 0x00, 0x7e, 0x1f, 0xff, 0x80, 0x00, 0x7e, 0x3f, 0xff, 0xc0,
    0x00, 0x7e, 0x7f, 0xff, 0xf0, 0x00, 0x7e, 0xff, 0xff, 0xf8, 0x00, 0x7f, 0xfc, 0x0f, 0xf8, 0x00,
    0x7f, 0xf0, 0x03, 0xfc, 0x00, 0xff, 0xe0, 0x01, 0xfe, 0x00, 0xff, 0xc0, 0x00, 0xfe, 0x00, 0xff,
    0x80, 0x00, 0x7f, 0x00, 0x7f, 0x80, 0x00, 0x7f, 0x00, 0x7f, 0x80, 0x00, 0x3f, 0x00, 0x7f, 0x00,
    0x00, 0x3f, 0x00, 0x7f, 0x00, 0x00, 0x3f, 0x00, 0x7f, 0x00, 0x00, 0x3f, 0x80, 0x7f, 0x00, 0x00,
    0x3f, 0x80, 0x7f, 0x00, 0x00, 0x3f, 0x80, 0x7f, 0x00, 0x00, 0x3f, 0x80, 0x7f, 0x00, 0x00, 0x3f,
    0x80, 0x3f, 0x00, 0x00, 0x3f, 0x00, 0x3f, 0x00, 0x00, 0x3f, 0x00, 0x3f, 0x80, 0x00, 0x3f, 0x00,
    0x1f, 0x80, 0x00, 0x7f, 0x00, 0x1f, 0x80, 0x00, 0x7f, 0x00, 0x1f, 0xc0, 0x00, 0xfe, 0x00, 0x0f,
    0xe0, 0x01, 0xfe, 0x00, 0x07, 0xf0, 0x03, 0xfc, 0x00, 0x07, 0xfc, 0x0f, 0xf8, 0x00, 0x03, 0xff,
    0xff, 0xf0, 0x00, 0x01, 0xff, 0xff, 0xe0, 0x00, 0x00, 0xff, 0xff, 0xc0, 0x00, 0x00, 0x3f, 0xff,
    0x00, 0x00, 0x00, 0x07, 0xf8, 0x00, 0x00, 0xff, 0xff, 0xff, 0xfc, 0xff, 0xff, 0xff, 0xfc, 0xff,
    0xff, 0xff, 0xfc, 0xff, 0xff, 0xff, 0xfc, 0xff, 0xff, 0xff, 0xfc, 0x00, 0x00, 0x03, 0xf8, 0x00,
    0x00, 0x03, 0xf8, 0x00, 0x00, 0x03, 0xf0, 0x00, 0x00, 0x07, 0xf0, 0x00, 0x00, 0x07, 0xf0, 0x00,
    0x00, 0x07, 0xe0, 0x00, 0x00, 0x0f, 0xe0, 0x00, 0x00, 0x0f, 0xe0, 0x00, 0x00, 0x1f, 0xc0, 0x00,
    0x00, 0x1f, 0xc0, 0x00, 0x00, 0x1f, 0x80, 0x00, 0x00, 0x3f, 0x80, 0x00, 0x00, 0x3f, 0x80, 0x00,
    0x00, 0x3f, 0x00, 0x00, 0x00, 0x7f, 0x00, 0x00, 0x00, 0x7e, 0x00, 0x00, 0x00, 0xfe, 0x00, 0x00,
    0x00, 0xfe, 0x00, 0x00, 0x00, 0xfc, 0x00, 0x00, 0x01, 0xfc, 0x00, 0x00, 0x01, 0xfc, 0x00, 0x00,
    0x03, 0xf8, 0x00, 0x00, 0x03, 0xf8, 0x00, 0x00, 0x03, 0xf0, 0x00, 0x00, 0x07, 0xf0, 0x00, 0x00,
    0x07, 0xf0, 0x00, 0x00, 0x07, 0xe0, 0x00, 0x00, 0x0f, 0xe0, 0x00, 0x00, 0x0f, 0xc0, 0x00, 0x00,
    0x1f, 0xc0, 0x00, 0x00, 0x1f, 0xc0, 0x00, 0x00, 0x1f, 0x80, 0x00, 0x00, 0x3f, 0x80, 0x00, 0x00,
    0x3f, 0x80, 0x00, 0x00, 0x3f, 0x00, 0x00, 0x00, 0x7f, 0x00, 0x00, 0x00, 0x7e, 0x00, 0x00, 0x00,
    0xfe, 0x00, 0x00, 0x00, 0xfe, 0x00, 0x00, 0x00, 0xfc, 0x00, 0x00, 0x01, 0xfc, 0x00, 0x00, 0x01,
    0xfc, 0x00, 0x00, 0x00, 0x0f, 0xf8, 0x00, 0x00, 0x00, 0x7f, 0xff, 0x00, 0x00, 0x01, 0xff, 0xff,
    0xc0, 0x00, 0x07, 0xff, 0xff, 0xe0, 0x00, 0x0f, 0xff, 0xff, 0xf0, 0x00, 0x1f, 0xf8, 0x0f, 0xf8,
    0x00, 0x1f, 0xe0, 0x03, 0xfc, 0x00, 0x3f, 0xc0, 0x01, 0xfc, 0x00, 0x3f, 0x80, 0x00, 0xfe, 0x00,
    0x3f, 0x00, 0x00, 0xfe, 0x00, 0x3f, 0x00, 0x00, 0x7e, 0x00, 0x3f, 0x00, 0x00, 0x7e, 0x00, 0x7f,
    0x00, 0x00, 0x7e, 0x00, 0x3f, 0x00, 0x00, 0x7e, 0x00, 0x3f, 0x00, 0x00, 0x7e, 0x00, 0x3f, 0x00,
    0x00, 0x7e, 0x00, 0x3f, 0x00, 0x00, 0xfe, 0x00, 0x1f, 0x80, 0x00, 0xfc, 0x00, 0x1f, 0xc0, 0x01,
    0xfc, 0x00, 0x0f, 0xe0, 0x03, 0xf8, 0x00, 0x07, 0xf8, 0x0f, 0xf0, 0x00, 0x03, 0xff, 0xff, 0xe0,
    0x00, 0x00, 0xff, 0xff, 0x80, 0x00, 0x00, 0x7f, 0xff, 0x00, 0x00, 0x01, 0xff, 0xff, 0xc0, 0x00,
    0x07, 0xff, 0xff, 0xf0, 0x00, 0x0f, 0xf8, 0x0f, 0xf8, 0x00, 0x1f, 0xe0, 0x03, 0xfc, 0x00, 0x3f,
    0x80, 0x01, 0xfe, 0x00, 0x3f, 0x00, 0x00, 0xfe, 0x00, 0x7f, 0x00, 0x00, 0x7f, 0x00, 0x7e, 0x00,
    0x00, 0x7f, 0x00, 0x7e, 0x00, 0x00, 0x3f, 0x00, 0xfe, 0x00, 0x00, 0x3f, 0x00, 0xfe, 0x00, 0x00,
    0x3f, 0x00, 0xfe, 0x00, 0x00, 0x3f, 0x00, 0xfe, 0x00, 0x00, 0x3f, 0x00, 0x7e, 0x00, 0x00, 0x3f,
    0x00, 0x7e, 0x00, 0x00, 0x7f, 0x00, 0x7f, 0x00, 0x00, 0x7f, 0x00, 0x7f, 0x00, 0x00, 0xfe, 0x00,
    0x3f, 0x80, 0x01, 0xfe, 0x00, 0x3f, 0xc0, 0x03, 0xfe, 0x00, 0x1f, 0xf8, 0x0f, 0xfc, 0x00, 0x0f,
    0xff, 0xff, 0xf8, 0x00, 0x07, 0xff, 0xff, 0xf0, 0x00, 0x03, 0xff, 0xff, 0xe0, 0x00, 0x00, 0xff,
    0xff, 0x80, 0x00, 0x00, 0x1f, 0xf8, 0x00, 0x00, 0x00, 0x1f, 0xf0, 0x00, 0x00, 0x00, 0xff, 0xfe,
    0x00, 0x00, 0x01, 0xff, 0xff, 0x00, 0x00, 0x07, 0xff, 0xff, 0xc0, 0x00, 0x0f, 0xff, 0xff, 0xe0,
    0x00, 0x1f, 0xf8, 0x1f, 0xe0, 0x00, 0x1f, 0xe0, 0x07, 0xf0, 0x00, 0x3f, 0x80, 0x03, 0xf8, 0x00,
    0x3f, 0x80, 0x01, 0xf8, 0x00, 0x7f, 0x00, 0x01, 0xfc, 0x00, 0x7e, 0x00, 0x00, 0xfc, 0x00, 0x7e,
    0x00, 0x00, 0xfc, 0x00, 0xfe, 0x00, 0x00, 0xfe, 0x00, 0xfe, 0x00, 0x00, 0x7e, 0x00, 0xfc, 0x00,
    0x00, 0x7e, 0x00, 0xfc, 0x00, 0x00, 0x7e, 0x00, 0xfc, 0x00, 0x00, 0x7f, 0x00, 0xfc, 0x00, 0x00,
    0x7f, 0x00, 0xfc, 0x00, 0x00, 0x7f, 0x00, 0xfe, 0x00, 0x00, 0x7f, 0x00, 0xfe, 0x00, 0x00, 0xff,
    0x00, 0x7e, 0x00, 0x00, 0xff, 0x00, 0x7e, 0x00, 0x00, 0xff, 0x00, 0x7f, 0x00, 0x01, 0xff, 0x00,
    0x7f, 0x80, 0x01, 0xff, 0x00, 0x3f, 0x80, 0x03, 0xff, 0x00, 0x1f, 0xe0, 0x07, 0xff, 0x00, 0x1f,
    0xf8, 0x1f, 0xff, 0x00, 0x0f, 0xff, 0xff, 0xbf, 0x00, 0x07, 0xff, 0xff, 0x3f, 0x00, 0x03, 0xff,
    0xfe, 0x3f, 0x00, 0x00, 0xff, 0xf8, 0x7f, 0x00, 0x00, 0x1f, 0xe0, 0x7e, 0x00, 0x00, 0x00, 0x00,
    0x7e, 0x00, 0x00, 0x00, 0x00, 0x7e, 0x00, 0x00, 0x00, 0x00, 0xfe, 0x00, 0x00, 0x00, 0x00, 0xfc,
    0x00, 0x00, 0x00, 0x00, 0xfc, 0x00, 0x00, 0x00, 0x01, 0xf8, 0x00, 0x00, 0x00, 0x03, 0xf8, 0x00,
    0x00, 0x00, 0x03, 0xf0, 0x00, 0x10, 0x00, 0x07, 0xf0, 0x00, 0x1c, 0x00, 0x1f, 0xe0, 0x00, 0x1f,
    0x80, 0x7f, 0xc0, 0x00, 0x1f, 0xff, 0xff, 0x80, 0x00, 0x1f, 0xff, 0xff, 0x00, 0x00, 0x1f, 0xff,
    0xfc, 0x00, 0x00, 0x0f, 0xff, 0xf0, 0x00, 0x00, 0x00, 0xff, 0x80, 0x00, 0x00, 0xfe, 0xfe, 0xfe,
    0xfe, 0xfe, 0xfe, 0xfe, 0xfe, 0x00, 0x00, 0x00, 0x00, 0x00, 0x00, 0x00, 0x00, 0x00, 0x00, 0x00,
    0x00, 0x00, 0x00, 0x00, 0x00, 0x00, 0xfe, 0xfe, 0xfe, 0xfe, 0xfe, 0xfe, 0xfe, 0xfe, 0x1f, 0xc0,
    0x1f, 0xc0, 0x1f, 0xc0, 0x1f, 0xc0, 0x1f, 0xc0, 0x1f, 0xc0, 0x1f, 0xc0, 0x1f, 0xc0, 0x00, 0x00,
    0x00, 0x00, 0x00, 0x00, 0x00, 0x00, 0x00, 0x00, 0x00, 0x00, 0x00, 0x00, 0x00, 0x00, 0x00, 0x00,
    0x00, 0x00, 0x00, 0x00, 0x00, 0x00, 0x00, 0x00, 0x00, 0x00, 0x00, 0x00, 0x00, 0x00, 0x00, 0x00,
    0x1f, 0xc0, 0x1f, 0xc0, 0x1f, 0xc0, 0x1f, 0xc0, 0x1f, 0xc0, 0x1f, 0xc0, 0x1f, 0x80, 0x1f, 0x80,
    0x1f, 0x00, 0x3f, 0x00, 0x3e, 0x00, 0x3e, 0x00, 0x3c, 0x00, 0x7c, 0x00, 0x78, 0x00, 0x00, 0x00,
    0x00, 0x00, 0x01, 0x80, 0x00, 0x00, 0x00, 0x00, 0x07, 0x80, 0x00, 0x00, 0x00, 0x00, 0x3f, 0x80,
    0x00, 0x00, 0x00, 0x01, 0xff, 0x80, 0x00, 0x00, 0x00, 0x0f, 0xff, 0x80, 0x00, 0x00, 0x00, 0x3f,
    0xff, 0x80, 0x00, 0x00, 0x01, 0xff, 0xfc, 0x00, 0x00, 0x00, 0x0f, 0xff, 0xf0, 0x00, 0x00, 0x00,
    0x7f, 0xff, 0x80, 0x00, 0x00, 0x03, 0xff, 0xfc, 0x00, 0x00, 0x00, 0x0f, 0xff, 0xe0, 0x00, 0x00,
    0x00, 0x7f, 0xff, 0x00, 0x00, 0x00, 0x03, 0xff, 0xf8, 0x00, 0x00, 0x00, 0x1f, 0xff, 0xe0, 0x00,
    0x00, 0x00, 0x7f, 0xff, 0x00, 0x00, 0x00, 0x00, 0x7f, 0xf8, 0x00, 0x00, 0x00, 0x00, 0x7f, 0xc0,
    0x00, 0x00, 0x00, 0x00, 0x7f, 0xc0, 0x00, 0x00, 0x00, 0x00, 0x7f, 0xf8, 0x00, 0x00, 0x00, 0x00,
    0x7f, 0xff, 0x00, 0x00, 0x00, 0x00, 0x1f, 0xff, 0xc0, 0x00, 0x00, 0x00, 0x03, 0xff, 0xf8, 0x00,
    0x00, 0x00, 0x00, 0x7f, 0xff, 0x00, 0x00, 0x00, 0x00, 0x0f, 0xff, 0xe0, 0x00, 0x00, 0x00, 0x03,
    0xff, 0xfc, 0x00, 0x00, 0x00, 0x00, 0x7f, 0xff, 0x80, 0x00, 0x00, 0x00, 0x0f, 0xff, 0xf0, 0x00,
    0x00, 0x00, 0x01, 0xff, 0xfc, 0x00, 0x00, 0x00, 0x00, 0x3f, 0xff, 0x80, 0x00, 0x00, 0x00, 0x0f,
    0xff, 0x80, 0x00, 0x00, 0x00, 0x01, 0xff, 0x80, 0x00, 0x00, 0x00, 0x00, 0x3f, 0x80, 0x00, 0x00,
    0x00, 0x00, 0x07, 0x80, 0x00, 0x00, 0x00, 0x00, 0x01, 0x80, 0x7f, 0xff, 0xff, 0xff, 0xff, 0x80,
    0x7f, 0xff, 0xff, 0xff, 0xff, 0x80, 0x7f, 0xff, 0xff, 0xff, 0xff, 0x80, 0x7f, 0xff, 0xff, 0xff,
    0xff, 0x80, 0x7f, 0xff, 0xff, 0xff, 0xff, 0x80, 0x00, 0x00, 0x00, 0x00, 0x00, 0x00, 0x00, 0x00,
    0x00, 0x00, 0x00, 0x00, 0x00, 0x00, 0x00, 0x00, 0x00, 0x00, 0x00, 0x00, 0x00, 0x00, 0x00, 0x00,
    0x00, 0x00, 0x00, 0x00, 0x00, 0x00, 0x00, 0x00, 0x00, 0x00, 0x00, 0x00, 0x00, 0x00, 0x00, 0x00,
    0x00, 0x00, 0x00, 0x00, 0x00, 0x00, 0x00, 0x00, 0x7f, 0xff, 0xff, 0xff, 0xff, 0x80, 0x7f, 0xff,
    0xff, 0xff, 0xff, 0x80, 0x7f, 0xff, 0xff, 0xff, 0xff, 0x80, 0x7f, 0xff, 0xff, 0xff, 0xff, 0x80,
    0x7f, 0xff, 0xff, 0xff, 0xff, 0x80, 0x40, 0x00, 0x00, 0x00, 0x00, 0x00, 0x78, 0x00, 0x00, 0x00,
    0x00, 0x00, 0x7f, 0x00, 0x00, 0x00, 0x00, 0x00, 0x7f, 0xe0, 0x00, 0x00, 0x00, 0x00, 0x7f, 0xf8,
    0x00, 0x00, 0x00, 0x00, 0x7f, 0xff, 0x00, 0x00, 0x00, 0x00, 0x1f, 0xff, 0xe0, 0x00, 0x00, 0x00,
    0x03, 0xff, 0xfc, 0x00, 0x00, 0x00, 0x00, 0x7f, 0xff, 0x00, 0x00, 0x00, 0x00, 0x0f, 0xff, 0xe0,
    0x00, 0x00, 0x00, 0x01, 0xff, 0xfc, 0x00, 0x00, 0x00, 0x00, 0x7f, 0xff, 0x80, 0x00, 0x00, 0x00,
    0x0f, 0xff, 0xf0, 0x00, 0x00, 0x00, 0x01, 0xff, 0xfc, 0x00, 0x00, 0x00, 0x00, 0x3f, 0xff, 0x80,
    0x00, 0x00, 0x00, 0x07, 0xff, 0x80, 0x00, 0x00, 0x00, 0x01, 0xff, 0x80, 0x00, 0x00, 0x00, 0x00,
    0xff, 0x80, 0x00, 0x00, 0x00, 0x07, 0xff, 0x80, 0x00, 0x00, 0x00, 0x3f, 0xff, 0x80, 0x00, 0x00,
    0x01, 0xff, 0xfc, 0x00, 0x00, 0x00, 0x0f, 0xff, 0xf0, 0x00, 0x00, 0x00, 0x7f, 0xff, 0x80, 0x00,
    0x00, 0x01, 0xff, 0xfc, 0x00, 0x00, 0x00, 0x0f, 0xff, 0xe0, 0x00, 0x00, 0x00, 0x7f, 0xff, 0x00,
    0x00, 0x00, 0x03, 0xff, 0xfc, 0x00, 0x00, 0x00, 0x1f, 0xff, 0xe0, 0x00, 0x00, 0x00, 0x7f, 0xff,
    0x00, 0x00, 0x00, 0x00, 0x7f, 0xf8, 0x00, 0x00, 0x00, 0x00, 0x7f, 0xe0, 0x00, 0x00, 0x00, 0x00,
    0x7f, 0x00, 0x00, 0x00, 0x00, 0x00, 0x78, 0x00, 0x00, 0x00, 0x00, 0x00, 0x40, 0x00, 0x00, 0x00,
    0x00, 0x00, 0x00, 0xff, 0x80, 0x00, 0x0f, 0xff, 0xf0, 0x00, 0x3f, 0xff, 0xf8, 0x00, 0x7f, 0xff,
    0xfc, 0x00, 0x7f, 0xff, 0xfe, 0x00, 0x7f, 0x01, 0xff, 0x00, 0x78, 0x00, 0x7f, 0x80, 0x60, 0x00,
    0x3f, 0x80, 0x00, 0x00, 0x1f, 0x80, 0x00, 0x00, 0x1f, 0x80, 0x00, 0x00, 0x1f, 0x80, 0x00, 0x00,
    0x1f, 0x80, 0x00, 0x00, 0x1f, 0x80, 0x00, 0x00, 0x1f, 0x80, 0x00, 0x00, 0x3f, 0x80, 0x00, 0x00,
    0x7f, 0x00, 0x00, 0x00, 0xff, 0x00, 0x00, 0x01, 0xfe, 0x00, 0x00, 0x03, 0xfc, 0x00, 0x00, 0x07,
    0xf8, 0x00, 0x00, 0x07, 0xf0, 0x00, 0x00, 0x0f, 0xe0, 0x00, 0x00, 0x1f, 0xc0, 0x00, 0x00, 0x3f,
    0x80, 0x00, 0x00, 0x7f, 0x00, 0x00, 0x00, 0x7e, 0x00, 0x00, 0x00, 0x7e, 0x00, 0x00, 0x00, 0x7e,
    0x00, 0x00, 0x00, 0xfc, 0x00, 0x00, 0x00, 0xfc, 0x00, 0x00, 0x00, 0xfc, 0x00, 0x00, 0x00, 0xfc,
    0x00, 0x00, 0x00, 0xfc, 0x00, 0x00, 0x00, 0xfc, 0x00, 0x00, 0x00, 0xfc, 0x00, 0x00, 0x00, 0x00,
    0x00, 0x00, 0x00, 0x00, 0x00, 0x00, 0x00, 0x00, 0x00, 0x00, 0x00, 0x00, 0x00, 0x00, 0x00, 0x00,
    0x00, 0x00, 0x00, 0xfe, 0x00, 0x00, 0x00, 0xfe, 0x00, 0x00, 0x00, 0xfe, 0x00, 0x00, 0x00, 0xfe,
    0x00, 0x00, 0x00, 0xfe, 0x00, 0x00, 0x00, 0xfe, 0x00, 0x00, 0x00, 0xfe, 0x00, 0x00, 0x00, 0xfe,
    0x00, 0x00, 0x00, 0x00, 0x01, 0xff, 0xc0, 0x00, 0x00, 0x00, 0x00, 0x1f, 0xff, 0xfc, 0x00, 0x00,
    0x00, 0x00, 0x7f, 0xff, 0xff, 0x80, 0x00, 0x00, 0x01, 0xff, 0xff, 0xff, 0xe0, 0x00, 0x00, 0x07,
    0xff, 0xff, 0xff, 0xf8, 0x00, 0x00, 0x0f, 0xff, 0x00, 0x3f, 0xfc, 0x00, 0x00, 0x3f, 0xf0, 0x00,
    0x03, 0xfe, 0x00, 0x00, 0x7f, 0xc0, 0x00, 0x00, 0xff, 0x00, 0x00, 0xff, 0x00, 0x00, 0x00, 0x3f,
    0x80, 0x01, 0xfc, 0x00, 0x00, 0x00, 0x1f, 0xc0, 0x03, 0xf8, 0x00, 0x00, 0x00, 0x07, 0xe0, 0x03,
    0xf0, 0x00, 0x00, 0x00, 0x03, 0xf0, 0x07, 0xe0, 0x00, 0x00, 0x00, 0x01, 0xf0, 0x0f, 0xc0, 0x00,
    0x00, 0x00, 0x00, 0xf8, 0x0f, 0x80, 0x00, 0x00, 0x00, 0x00, 0xf8, 0x1f, 0x00, 0x01, 0xfe, 0x00,
    0x00, 0x7c, 0x1f, 0x00, 0x07, 0xff, 0x87, 0x80, 0x7c, 0x3e, 0x00, 0x1f, 0xff, 0xc7, 0x80, 0x3e,
    0x3e, 0x00, 0x3f, 0xff, 0xe7, 0x80, 0x3e, 0x3c, 0x00, 0x3f, 0xff, 0xf7, 0x80, 0x3e, 0x7c, 0x00,
    0x7f, 0x81, 0xff, 0x80, 0x1e, 0x7c, 0x00, 0xfe, 0x00, 0x7f, 0x80, 0x1e, 0x78, 0x00, 0xfc, 0x00,
    0x3f, 0x80, 0x1e, 0x78, 0x01, 0xf8, 0x00, 0x1f, 0x80, 0x1f, 0xf8, 0x01, 0xf0, 0x00, 0x0f, 0x80,
    0x1e, 0xf8, 0x01, 0xf0, 0x00, 0x0f, 0x80, 0x1e, 0xf8, 0x01, 0xf0, 0x00, 0x0f, 0x80, 0x1e, 0xf8,
    0x01, 0xf0, 0x00, 0x0f, 0x80, 0x1e, 0xf8, 0x01, 0xf0, 0x00, 0x0f, 0x80, 0x3e, 0xf8, 0x01, 0xf0,
    0x00, 0x0f, 0x80, 0x3e, 0xf8, 0x01, 0xf0, 0x00, 0x0f, 0x80, 0x7c, 0xf8, 0x01, 0xf0, 0x00, 0x0f,
    0x80, 0x7c, 0x78, 0x01, 0xf8, 0x00, 0x1f, 0x80, 0xf8, 0x78, 0x00, 0xfc, 0x00, 0x3f, 0x81, 0xf8,
    0x7c, 0x00, 0xfe, 0x00, 0x7f, 0x83, 0xf0, 0x7c, 0x00, 0x7f, 0x81, 0xff, 0x9f, 0xe0, 0x7c, 0x00,
    0x7f, 0xff, 0xf7, 0xff, 0xc0, 0x3e, 0x00, 0x3f, 0xff, 0xe7, 0xff, 0x80, 0x3e, 0x00, 0x1f, 0xff,
    0xc7, 0xfe, 0x00, 0x1f, 0x00, 0x07, 0xff, 0x87, 0xf8, 0x00, 0x1f, 0x00, 0x01, 0xfe, 0x07, 0xc0,
    0x00, 0x1f, 0x80, 0x00, 0x00, 0x00, 0x00, 0x00, 0x0f, 0xc0, 0x00, 0x00, 0x00, 0x00, 0x00, 0x07,
    0xe0, 0x00, 0x00, 0x00, 0x00, 0x00, 0x07, 0xf0, 0x00, 0x00, 0x00, 0x00, 0x00, 0x03, 0xf8, 0x00,
    0x00, 0x00, 0x00, 0x00, 0x01, 0xfc, 0x00, 0x00, 0x00, 0x10, 0x00, 0x00, 0xff, 0x00, 0x00, 0x00,
    0x78, 0x00, 0x00, 0x7f, 0x80, 0x00, 0x01, 0xfc, 0x00, 0x00, 0x3f, 0xf0, 0x00, 0x07, 0xfc, 0x00,
    0x00, 0x1f, 0xfe, 0x00, 0x7f, 0xf0, 0x00, 0x00, 0x07, 0xff, 0xff, 0xff, 0xe0, 0x00, 0x00, 0x03,
    0xff, 0xff, 0xff, 0x80, 0x00, 0x00, 0x00, 0xff, 0xff, 0xfe, 0x00, 0x00, 0x00, 0x00, 0x1f, 0xff,
    0xf8, 0x00, 0x00, 0x00, 0x00, 0x01, 0xff, 0x80, 0x00, 0x00, 0x00, 0x00, 0x3f, 0xc0, 0x00, 0x00,
    0x00, 0x00, 0x3f, 0xc0, 0x00, 0x00, 0x00, 0x00, 0x7f, 0xc0, 0x00, 0x00, 0x00, 0x00, 0x7f, 0xe0,
    0x00, 0x00, 0x00, 0x00, 0x7f, 0xe0, 0x00, 0x00, 0x00, 0x00, 0xff, 0xf0, 0x00, 0x00, 0x00, 0x00,
    0xff, 0xf0, 0x00, 0x00, 0x00, 0x01, 0xfb, 0xf0, 0x00, 0x00, 0x00, 0x01, 0xf9, 0xf8, 0x00, 0x00,
    0x00, 0x01, 0xf9, 0xf8, 0x00, 0x00, 0x00, 0x03, 0xf1, 0xf8, 0x00, 0x00, 0x00, 0x03, 0xf0, 0xfc,
    0x00, 0x00, 0x00, 0x03, 0xf0, 0xfc, 0x00, 0x00, 0x00, 0x07, 0xe0, 0xfe, 0x00, 0x00, 0x00, 0x07,
    0xe0, 0x7e, 0x00, 0x00, 0x00, 0x0f, 0xe0, 0x7e, 0x00, 0x00, 0x00, 0x0f, 0xc0, 0x3f, 0x00, 0x00,
    0x00, 0x0f, 0xc0, 0x3f, 0x00, 0x00, 0x00, 0x1f, 0x80, 0x3f, 0x00, 0x00, 0x00, 0x1f, 0x80, 0x1f,
    0x80, 0x00, 0x00, 0x1f, 0x80, 0x1f, 0x80, 0x00, 0x00, 0x3f, 0x00, 0x1f, 0xc0, 0x00, 0x00, 0x3f,
    0x00, 0x0f, 0xc0, 0x00, 0x00, 0x7f, 0x00, 0x0f, 0xc0, 0x00, 0x00, 0x7e, 0x00, 0x0f, 0xe0, 0x00,
    0x00, 0x7e, 0x00, 0x07, 0xe0, 0x00, 0x00, 0xfe, 0x00, 0x07, 0xe0, 0x00, 0x00, 0xfc, 0x00, 0x03,
    0xf0, 0x00, 0x00, 0xfc, 0x00, 0x03, 0xf0, 0x00, 0x01, 0xf8, 0x00, 0x03, 0xf8, 0x00, 0x01, 0xff,
    0xff, 0xff, 0xf8, 0x00, 0x03, 0xff, 0xff, 0xff, 0xf8, 0x00, 0x03, 0xff, 0xff, 0xff, 0xfc, 0x00,
    0x03, 0xff, 0xff, 0xff, 0xfc, 0x00, 0x07, 0xff, 0xff, 0xff, 0xfe, 0x00, 0x07, 0xe0, 0x00, 0x00,
    0x7e, 0x00, 0x0f, 0xe0, 0x00, 0x00, 0x7e, 0x00, 0x0f, 0xe0, 0x00, 0x00, 0x7f, 0x00, 0x0f, 0xc0,
    0x00, 0x00, 0x3f, 0x00, 0x1f, 0xc0, 0x00, 0x00, 0x3f, 0x00, 0x1f, 0x80, 0x00, 0x00, 0x3f, 0x80,
    0x1f, 0x80, 0x00, 0x00, 0x1f, 0x80, 0x3f, 0x80, 0x00, 0x00, 0x1f, 0xc0, 0x3f, 0x00, 0x00, 0x00,
    0x1f, 0xc0, 0x7f, 0x00, 0x00, 0x00, 0x0f, 0xc0, 0x7f, 0x00, 0x00, 0x00, 0x0f, 0xe0, 0x7e, 0x00,
    0x00, 0x00, 0x07, 0xe0, 0xff, 0xff, 0xf8, 0x00, 0x00, 0xff, 0xff, 0xff, 0x80, 0x00, 0xff, 0xff,
    0xff, 0xe0, 0x00, 0xff, 0xff, 0xff, 0xf0, 0x00, 0xff, 0xff, 0xff, 0xf8, 0x00, 0xfe, 0x00, 0x0f,
    0xfc, 0x00, 0xfe, 0x00, 0x03, 0xfc, 0x00, 0xfe, 0x00, 0x01, 0xfe, 0x00, 0xfe, 0x00, 0x00, 0xfe,
    0x00, 0xfe, 0x00, 0x00, 0x7e, 0x00, 0xfe, 0x00, 0x00, 0x7e, 0x00, 0xfe, 0x00, 0x00, 0x7e, 0x00,
    0xfe, 0x00, 0x00, 0x7e, 0x00, 0xfe, 0x00, 0x00, 0x7e, 0x00, 0xfe, 0x00, 0x00, 0x7e, 0x00, 0xfe,
    0x00, 0x00, 0x7e, 0x00, 0xfe, 0x00, 0x00, 0xfe, 0x00, 0xfe, 0x00, 0x01, 0xfc, 0x00, 0xfe, 0x00,
    0x03, 0xfc, 0x00, 0xfe, 0x00, 0x0f, 0xf8, 0x00, 0xff, 0xff, 0xff, 0xf0, 0x00, 0xff, 0xff, 0xff,
    0xc0, 0x00, 0xff, 0xff, 0xff, 0x80, 0x00, 0xff, 0xff, 0xff, 0xe0, 0x00, 0xff, 0xff, 0xff, 0xf8,
    0x00, 0xfe, 0x00, 0x07, 0xfc, 0x00, 0xfe, 0x00, 0x01, 0xfe, 0x00, 0xfe, 0x00, 0x00, 0x7f, 0x00,
    0xfe, 0x00, 0x00, 0x7f, 0x00, 0xfe, 0x00, 0x00, 0x3f, 0x80, 0xfe, 0x00, 0x00, 0x3f, 0x80, 0xfe,
    0x00, 0x00, 0x1f, 0x80, 0xfe, 0x00, 0x00, 0x1f, 0x80, 0xfe, 0x00, 0x00, 0x1f, 0x80, 0xfe, 0x00,
    0x00, 0x1f, 0x80, 0xfe, 0x00, 0x00, 0x1f, 0x80, 0xfe, 0x00, 0x00, 0x3f, 0x80, 0xfe, 0x00, 0x00,
    0x3f, 0x80, 0xfe, 0x00, 0x00, 0x7f, 0x80, 0xfe, 0x00, 0x00, 0x7f, 0x00, 0xfe, 0x00, 0x01, 0xff,
    0x00, 0xfe, 0x00, 0x07, 0xfe, 0x00, 0xff, 0xff, 0xff, 0xfc, 0x00, 0xff, 0xff, 0xff, 0xf8, 0x00,
    0xff, 0xff, 0xff, 0xf0, 0x00, 0xff, 0xff, 0xff, 0xc0, 0x00, 0xff, 0xff, 0xfc, 0x00, 0x00, 0x00,
    0x00, 0x3f, 0xf8, 0x00, 0x00, 0x03, 0xff, 0xff, 0x80, 0x00, 0x0f, 0xff, 0xff, 0xe0, 0x00, 0x3f,
    0xff, 0xff, 0xf8, 0x00, 0x7f, 0xff, 0xff, 0xfc, 0x00, 0xff, 0xe0, 0x0f, 0xfc, 0x01, 0xff, 0x00,
    0x01, 0xfc, 0x03, 0xfc, 0x00, 0x00, 0x7c, 0x07, 0xf8, 0x00, 0x00, 0x1c, 0x0f, 0xf0, 0x00, 0x00,
    0x0c, 0x0f, 0xe0, 0x00, 0x00, 0x00, 0x1f, 0xc0, 0x00, 0x00, 0x00, 0x1f, 0xc0, 0x00, 0x00, 0x00,
    0x3f, 0x80, 0x00, 0x00, 0x00, 0x3f, 0x80, 0x00, 0x00, 0x00, 0x3f, 0x80, 0x00, 0x00, 0x00, 0x7f,
    0x00, 0x00, 0x00, 0x00, 0x7f, 0x00, 0x00, 0x00, 0x00, 0x7f, 0x00, 0x00, 0x00, 0x00, 0x7f, 0x00,
    0x00, 0x00, 0x00, 0x7e, 0x00, 0x00, 0x00, 0x00, 0x7e, 0x00, 0x00, 0x00, 0x00, 0x7e, 0x00, 0x00,
    0x00, 0x00, 0x7e, 0x00, 0x00, 0x00, 0x00, 0x7e, 0x00, 0x00, 0x00, 0x00, 0x7e, 0x00, 0x00, 0x00,
    0x00, 0x7e, 0x00, 0x00, 0x00, 0x00, 0x7e, 0x00, 0x00, 0x00, 0x00, 0x7e, 0x00, 0x00, 0x00, 0x00,
    0x7f, 0x00, 0x00, 0x00, 0x00, 0x7f, 0x00, 0x00, 0x00, 0x00, 0x7f, 0x00, 0x00, 0x00, 0x00, 0x7f,
    0x00, 0x00, 0x00, 0x00, 0x3f, 0x80, 0x00, 0x00, 0x00, 0x3f, 0x80, 0x00, 0x00, 0x00, 0x3f, 0x80,
    0x00, 0x00, 0x00, 0x1f, 0xc0, 0x00, 0x00, 0x00, 0x1f, 0xc0, 0x00, 0x00, 0x00, 0x0f, 0xe0, 0x00,
    0x00, 0x00, 0x0f, 0xf0, 0x00, 0x00, 0x0c, 0x07, 0xf8, 0x00, 0x00, 0x1c, 0x03, 0xfc, 0x00, 0x00,
    0x7c, 0x01, 0xff, 0x00, 0x01, 0xfc, 0x00, 0xff, 0xe0, 0x0f, 0xfc, 0x00, 0x7f, 0xff, 0xff, 0xfc,
    0x00, 0x3f, 0xff, 0xff, 0xf8, 0x00, 0x0f, 0xff, 0xff, 0xe0, 0x00, 0x03, 0xff, 0xff, 0x80, 0x00,
    0x00, 0x3f, 0xf8, 0x00, 0xff, 0xff, 0xf0, 0x00, 0x00, 0xff, 0xff, 0xff, 0x80, 0x00, 0xff, 0xff,
    0xff, 0xf0, 0x00, 0xff, 0xff, 0xff, 0xfc, 0x00, 0xff, 0xff, 0xff, 0xff, 0x00, 0xfe, 0x00, 0x0f,
    0xff, 0x80, 0xfe, 0x00, 0x00, 0xff, 0xc0, 0xfe, 0x00, 0x00, 0x3f, 0xe0, 0xfe, 0x00, 0x00, 0x1f,
    0xf0, 0xfe, 0x00, 0x00, 0x0f, 0xf0, 0xfe, 0x00, 0x00, 0x07, 0xf8, 0xfe, 0x00, 0x00, 0x03, 0xf8,
    0xfe, 0x00, 0x00, 0x01, 0xfc, 0xfe, 0x00, 0x00, 0x01, 0xfc, 0xfe, 0x00, 0x00, 0x01, 0xfc, 0xfe,
    0x00, 0x00, 0x00, 0xfe, 0xfe, 0x00, 0x00, 0x00, 0xfe, 0xfe, 0x00, 0x00, 0x00, 0xfe, 0xfe, 0x00,
    0x00, 0x00, 0xfe, 0xfe, 0x00, 0x00, 0x00, 0x7e, 0xfe, 0x00, 0x00, 0x00, 0x7e, 0xfe, 0x00, 0x00,
    0x00, 0x7e, 0xfe, 0x00, 0x00, 0x00, 0x7e, 0xfe, 0x00, 0x00, 0x00, 0x7e, 0xfe, 0x00, 0x00, 0x00,
    0x7e, 0xfe, 0x00, 0x00, 0x00, 0x7e, 0xfe, 0x00, 0x00, 0x00, 0x7e, 0xfe, 0x00, 0x00, 0x00, 0x7e,
    0xfe, 0x00, 0x00, 0x00, 0xfe, 0xfe, 0x00, 0x00, 0x00, 0xfe, 0xfe, 0x00, 0x00, 0x00, 0xfe, 0xfe,
    0x00, 0x00, 0x00, 0xfe, 0xfe, 0x00, 0x00, 0x01, 0xfc, 0xfe, 0x00, 0x00, 0x01, 0xfc, 0xfe, 0x00,
    0x00, 0x01, 0xfc, 0xfe, 0x00, 0x00, 0x03, 0xf8, 0xfe, 0x00, 0x00, 0x07, 0xf8, 0xfe, 0x00, 0x00,
    0x0f, 0xf0, 0xfe, 0x00, 0x00, 0x1f, 0xf0, 0xfe, 0x00, 0x00, 0x3f, 0xe0, 0xfe, 0x00, 0x00, 0xff,
    0xc0, 0xfe, 0x00, 0x0f, 0xff, 0x80, 0xff, 0xff, 0xff, 0xff, 0x00, 0xff, 0xff, 0xff, 0xfc, 0x00,
    0xff, 0xff, 0xff, 0xf0, 0x00, 0xff, 0xff, 0xff, 0x80, 0x00, 0xff, 0xff, 0xf8, 0x00, 0x00, 0xff,
    0xff, 0xff, 0xfc, 0xff, 0xff, 0xff, 0xfc, 0xff, 0xff, 0xff, 0xfc, 0xff, 0xff, 0xff, 0xfc, 0xff,
    0xff, 0xff, 0xfc, 0xfe, 0x00, 0x00, 0x00, 0xfe, 0x00, 0x00, 0x00, 0xfe, 0x00, 0x00, 0x00, 0xfe,
    0x00, 0x00, 0x00, 0xfe, 0x00, 0x00, 0x00, 0xfe, 0x00, 0x00, 0x00, 0xfe, 0x00, 0x00, 0x00, 0xfe,
    0x00, 0x00, 0x00, 0xfe, 0x00, 0x00, 0x00, 0xfe, 0x00, 0x00, 0x00, 0xfe, 0x00, 0x00, 0x00, 0xfe,
    0x00, 0x00, 0x00, 0xfe, 0x00, 0x00, 0x00, 0xfe, 0x00, 0x00, 0x00, 0xff, 0xff, 0xff, 0xf8, 0xff,
    0xff, 0xff, 0xf8, 0xff, 0xff, 0xff, 0xf8, 0xff, 0xff, 0xff, 0xf8, 0xff, 0xff, 0xff, 0xf8, 0xfe,
    0x00, 0x00, 0x00, 0xfe, 0x00, 0x00, 0x00, 0xfe, 0x00, 0x00, 0x00, 0xfe, 0x00, 0x00, 0x00, 0xfe,
    0x00, 0x00, 0x00, 0xfe, 0x00, 0x00, 0x00, 0xfe, 0x00, 0x00, 0x00, 0xfe, 0x00, 0x00, 0x00, 0xfe,
    0x00, 0x00, 0x00, 0xfe, 0x00, 0x00, 0x00, 0xfe, 0x00, 0x00, 0x00, 0xfe, 0x00, 0x00, 0x00, 0xfe,
    0x00, 0x00, 0x00, 0xfe, 0x00, 0x00, 0x00, 0xfe, 0x00, 0x00, 0x00, 0xfe, 0x00, 0x00, 0x00, 0xfe,
    0x00, 0x00, 0x00, 0xfe, 0x00, 0x00, 0x00, 0xff, 0xff, 0xff, 0xfc, 0xff, 0xff, 0xff, 0xfc, 0xff,
    0xff, 0xff, 0xfc, 0xff, 0xff, 0xff, 0xfc, 0xff, 0xff, 0xff, 0xfc, 0xff, 0xff, 0xff, 0xe0, 0xff,
    0xff, 0xff, 0xe0, 0xff, 0xff, 0xff, 0xe0, 0xff, 0xff, 0xff, 0xe0, 0xff, 0xff, 0xff, 0xe0, 0xfe,
    0x00, 0x00, 0x00, 0xfe, 0x00, 0x00, 0x00, 0xfe, 0x00, 0x00, 0x00, 0xfe, 0x00, 0x00, 0x00, 0xfe,
    0x00, 0x00, 0x00, 0xfe, 0x00, 0x00, 0x00, 0xfe, 0x00, 0x00, 0x00, 0xfe, 0x00, 0x00, 0x00, 0xfe,
    0x00, 0x00, 0x00, 0xfe, 0x00, 0x00, 0x00, 0xfe, 0x00, 0x00, 0x00, 0xfe, 0x00, 0x00, 0x00, 0xfe,
    0x00, 0x00, 0x00, 0xfe, 0x00, 0x00, 0x00, 0xff, 0xff, 0xff, 0x80, 0xff, 0xff, 0xff, 0x80, 0xff,
    0xff, 0xff, 0x80, 0xff, 0xff, 0xff, 0x80, 0xff, 0xff, 0xff, 0x80, 0xfe, 0x00, 0x00, 0x00, 0xfe,
    0x00, 0x00, 0x00, 0xfe, 0x00, 0x00, 0x00, 0xfe, 0x00, 0x00, 0x00, 0xfe, 0x00, 0x00, 0x00, 0xfe,
    0x00, 0x00, 0x00, 0xfe, 0x00, 0x00, 0x00, 0xfe, 0x00, 0x00, 0x00, 0xfe, 0x00, 0x00, 0x00, 0xfe,
    0x00, 0x00, 0x00, 0xfe, 0x00, 0x00, 0x00, 0xfe, 0x00, 0x00, 0x00, 0xfe, 0x00, 0x00, 0x00, 0xfe,
    0x00, 0x00, 0x00, 0xfe, 0x00, 0x00, 0x00, 0xfe, 0x00, 0x00, 0x00, 0xfe, 0x00, 0x00, 0x00, 0xfe,
    0x00, 0x00, 0x00, 0xfe, 0x00, 0x00, 0x00, 0xfe, 0x00, 0x00, 0x00, 0xfe, 0x00, 0x00, 0x00, 0xfe,
    0x00, 0x00, 0x00, 0xfe, 0x00, 0x00, 0x00, 0x00, 0x00, 0x3f, 0xfc, 0x00, 0x00, 0x00, 0x01, 0xff,
    0xff, 0xc0, 0x00, 0x00, 0x0f, 0xff, 0xff, 0xf8, 0x00, 0x00, 0x3f, 0xff, 0xff, 0xfe, 0x00, 0x00,
    0x7f, 0xff, 0xff, 0xff, 0x00, 0x00, 0xff, 0xf0, 0x07, 0xff, 0x00, 0x01, 0xff, 0x00, 0x00, 0x7f,
    0x00, 0x03, 0xfc, 0x00, 0x00, 0x1f, 0x00, 0x07, 0xf8, 0x00, 0x00, 0x07, 0x00, 0x0f, 0xf0, 0x00,
    0x00, 0x03, 0x00, 0x0f, 0xe0, 0x00, 0x00, 0x01, 0x00, 0x1f, 0xc0, 0x00, 0x00, 0x00, 0x00, 0x1f,
    0xc0, 0x00, 0x00, 0x00, 0x00, 0x3f, 0x80, 0x00, 0x00, 0x00, 0x00, 0x3f, 0x80, 0x00, 0x00, 0x00,
    0x00, 0x3f, 0x80, 0x00, 0x00, 0x00, 0x00, 0x7f, 0x00, 0x00, 0x00, 0x00, 0x00, 0x7f, 0x00, 0x00,
    0x00, 0x00, 0x00, 0x7f, 0x00, 0x00, 0x00, 0x00, 0x00, 0x7f, 0x00, 0x00, 0x00, 0x00, 0x00, 0x7e,
    0x00, 0x00, 0x00, 0x00, 0x00, 0x7e, 0x00, 0x00, 0x00, 0x00, 0x00, 0x7e, 0x00, 0x00, 0x00, 0x00,
    0x00, 0x7e, 0x00, 0x00, 0x00, 0x00, 0x00, 0x7e, 0x00, 0x00, 0x7f, 0xff, 0x80, 0x7e, 0x00, 0x00,
    0x7f, 0xff, 0x80, 0x7e, 0x00, 0x00, 0x7f, 0xff, 0x80, 0x7e, 0x00, 0x00, 0x7f, 0xff, 0x80, 0x7e,
    0x00, 0x00, 0x7f, 0xff, 0x80, 0x7f, 0x00, 0x00, 0x00, 0x1f, 0x80, 0x7f, 0x00, 0x00, 0x00, 0x1f,
    0x80, 0x7f, 0x00, 0x00, 0x00, 0x1f, 0x80, 0x7f, 0x00, 0x00, 0x00, 0x1f, 0x80, 0x3f, 0x00, 0x00,
    0x00, 0x1f, 0x80, 0x3f, 0x80, 0x00, 0x00, 0x1f, 0x80, 0x3f, 0x80, 0x00, 0x00, 0x1f, 0x80, 0x1f,
    0xc0, 0x00, 0x00, 0x1f, 0x80, 0x1f, 0xc0, 0x00, 0x00, 0x1f, 0x80, 0x0f, 0xe0, 0x00, 0x00, 0x1f,
    0x80, 0x0f, 0xf0, 0x00, 0x00, 0x1f, 0x80, 0x07, 0xf8, 0x00, 0x00, 0x1f, 0x80, 0x03, 0xfc, 0x00,
    0x00, 0x1f, 0x80, 0x01, 0xff, 0x00, 0x00, 0x7f, 0x80, 0x00, 0xff, 0xe0, 0x03, 0xff, 0x80, 0x00,
    0x7f, 0xff, 0xff, 0xff, 0x00, 0x00, 0x3f, 0xff, 0xff, 0xfe, 0x00, 0x00, 0x0f, 0xff, 0xff, 0xf8,
    0x00, 0x00, 0x03, 0xff, 0xff, 0xc0, 0x00, 0x00, 0x00, 0x3f, 0xfc, 0x00, 0x00, 0xfe, 0x00, 0x00,
    0x03, 0xf0, 0xfe, 0x00, 0x00, 0x03, 0xf0, 0xfe, 0x00, 0x00, 0x03, 0xf0, 0xfe, 0x00, 0x00, 0x03,
    0xf0, 0xfe, 0x00, 0x00, 0x03, 0xf0, 0xfe, 0x00, 0x00, 0x03, 0xf0, 0xfe, 0x00, 0x00, 0x03, 0xf0,
    0xfe, 0x00, 0x00, 0x03, 0xf0, 0xfe, 0x00, 0x00, 0x03, 0xf0, 0xfe, 0x00, 0x00, 0x03, 0xf0, 0xfe,
    0x00, 0x00, 0x03, 0xf0, 0xfe, 0x00, 0x00, 0x03, 0xf0, 0xfe, 0x00, 0x00, 0x03, 0xf0, 0xfe, 0x00,
    0x00, 0x03, 0xf0, 0xfe, 0x00, 0x00, 0x03, 0xf0, 0xfe, 0x00, 0x00, 0x03, 0xf0, 0xfe, 0x00, 0x00,
    0x03, 0xf0, 0xfe, 0x00, 0x00, 0x03, 0xf0, 0xfe, 0x00, 0x00, 0x03, 0xf0, 0xff, 0xff, 0xff, 0xff,
    0xf0, 0xff, 0xff, 0xff, 0xff, 0xf0, 0xff, 0xff, 0xff, 0xff, 0xf0, 0xff, 0xff, 0xff, 0xff, 0xf0,
    0xff, 0xff, 0xff, 0xff, 0xf0, 0xfe, 0x00, 0x00, 0x03, 0xf0, 0xfe, 0x00, 0x00, 0x03, 0xf0, 0xfe,
    0x00, 0x00, 0x03, 0xf0, 0xfe, 0x00, 0x00, 0x03, 0xf0, 0xfe, 0x00, 0x00, 0x03, 0xf0, 0xfe, 0x00,
    0x00, 0x03, 0xf0, 0xfe, 0x00, 0x00, 0x03, 0xf0, 0xfe, 0x00, 0x00, 0x03, 0xf0, 0xfe, 0x00, 0x00,
    0x03, 0xf0, 0xfe, 0x00, 0x00, 0x03, 0xf0, 0xfe, 0x00, 0x00, 0x03, 0xf0, 0xfe, 0x00, 0x00, 0x03,
    0xf0, 0xfe, 0x00, 0x00, 0x03, 0xf0, 0xfe, 0x00, 0x00, 0x03, 0xf0, 0xfe, 0x00, 0x00, 0x03, 0xf0,
    0xfe, 0x00, 0x00, 0x03, 0xf0, 0xfe, 0x00, 0x00, 0x03, 0xf0, 0xfe, 0x00, 0x00, 0x03, 0xf0, 0xfe,
    0x00, 0x00, 0x03, 0xf0, 0xfe, 0x00, 0x00, 0x03, 0xf0, 0xfe, 0x00, 0x00, 0x03, 0xf0, 0xfe, 0x00,
    0x00, 0x03, 0xf0, 0xfe, 0x00, 0x00, 0x03, 0xf0, 0xfe, 0xfe, 0xfe, 0xfe, 0xfe, 0xfe, 0xfe, 0xfe,
    0xfe, 0xfe, 0xfe, 0xfe, 0xfe, 0xfe, 0xfe, 0xfe, 0xfe, 0xfe, 0xfe, 0xfe, 0xfe, 0xfe, 0xfe, 0xfe,
    0xfe, 0xfe, 0xfe, 0xfe, 0xfe, 0xfe, 0xfe, 0xfe, 0xfe, 0xfe, 0xfe, 0xfe, 0xfe, 0xfe, 0xfe, 0xfe,
    0xfe, 0xfe, 0xfe, 0xfe, 0xfe, 0xfe, 0xfe, 0x00, 0x3f, 0x80, 0x00, 0x3f, 0x80, 0x00, 0x3f, 0x80,
    0x00, 0x3f, 0x80, 0x00, 0x3f, 0x80, 0x00, 0x3f, 0x80, 0x00, 0x3f, 0x80, 0x00, 0x3f, 0x80, 0x00,
    0x3f, 0x80, 0x00, 0x3f, 0x80, 0x00, 0x3f, 0x80, 0x00, 0x3f, 0x80, 0x00, 0x3f, 0x80, 0x00, 0x3f,
    0x80, 0x00, 0x3f, 0x80, 0x00, 0x3f, 0x80, 0x00, 0x3f, 0x80, 0x00, 0x3f, 0x80, 0x00, 0x3f, 0x80,
    0x00, 0x3f, 0x80, 0x00, 0x3f, 0x80, 0x00, 0x3f, 0x80, 0x00, 0x3f, 0x80, 0x00, 0x3f, 0x80, 0x00,
    0x3f, 0x80, 0x00, 0x3f, 0x80, 0x00, 0x3f, 0x80, 0x00, 0x3f, 0x80, 0x00, 0x3f, 0x80, 0x00, 0x3f,
    0x80, 0x00, 0x3f, 0x80, 0x00, 0x3f, 0x80, 0x00, 0x3f, 0x80, 0x00, 0x3f, 0x80, 0x00, 0x3f, 0x80,
    0x00, 0x3f, 0x80, 0x00, 0x3f, 0x80, 0x00, 0x3f, 0x80, 0x00, 0x3f, 0x80, 0x00, 0x3f, 0x80, 0x00,
    0x3f, 0x80, 0x00, 0x3f, 0x80, 0x00, 0x3f, 0x80, 0x00, 0x3f, 0x80, 0x00, 0x3f, 0x80, 0x00, 0x3f,
    0x80, 0x00, 0x3f, 0x80, 0x00, 0x3f, 0x00, 0x00, 0x3f, 0x00, 0x00, 0x3f, 0x00, 0x00, 0x3f, 0x00,
    0x00, 0x7f, 0x00, 0x00, 0x7e, 0x00, 0x00, 0xfe, 0x00, 0x03, 0xfe, 0x00, 0x7f, 0xfc, 0x00, 0x7f,
    0xf8, 0x00, 0x7f, 0xf0, 0x00, 0x7f, 0xc0, 0x00, 0x7e, 0x00, 0x00, 0xfe, 0x00, 0x00, 0x1f, 0xe0,
    0xfe, 0x00, 0x00, 0x3f, 0xc0, 0xfe, 0x00, 0x00, 0x7f, 0x80, 0xfe, 0x00, 0x00, 0xff, 0x00, 0xfe,
    0x00, 0x01, 0xfe, 0x00, 0xfe, 0x00, 0x03, 0xfc, 0x00, 0xfe, 0x00, 0x07, 0xf8, 0x00, 0xfe, 0x00,
    0x0f, 0xf0, 0x00, 0xfe, 0x00, 0x1f, 0xe0, 0x00, 0xfe, 0x00, 0x3f, 0xc0, 0x00, 0xfe, 0x00, 0xff,
    0x80, 0x00, 0xfe, 0x01, 0xff, 0x00, 0x00, 0xfe, 0x03, 0xfc, 0x00, 0x00, 0xfe, 0x07, 0xf8, 0x00,
    0x00, 0xfe, 0x0f, 0xf0, 0x00, 0x00, 0xfe, 0x1f, 0xe0, 0x00, 0x00, 0xfe, 0x3f, 0xc0, 0x00, 0x00,
    0xfe, 0x7f, 0x80, 0x00, 0x00, 0xfe, 0xff, 0x00, 0x00, 0x00, 0xff, 0xfe, 0x00, 0x00, 0x00, 0xff,
    0xfc, 0x00, 0x00, 0x00, 0xff, 0xf8, 0x00, 0x00, 0x00, 0xff, 0xf8, 0x00, 0x00, 0x00, 0xff, 0xfc,
    0x00, 0x00, 0x00, 0xff, 0xfe, 0x00, 0x00, 0x00, 0xfe, 0xff, 0x00, 0x00, 0x00, 0xfe, 0x7f, 0x80,
    0x00, 0x00, 0xfe, 0x3f, 0xc0, 0x00, 0x00, 0xfe, 0x1f, 0xe0, 0x00, 0x00, 0xfe, 0x0f, 0xf0, 0x00,
    0x00, 0xfe, 0x07, 0xf8, 0x00, 0x00, 0xfe, 0x03, 0xfc, 0x00, 0x00, 0xfe, 0x01, 0xfe, 0x00, 0x00,
    0xfe, 0x00, 0xff, 0x00, 0x00, 0xfe, 0x00, 0x7f, 0x80, 0x00, 0xfe, 0x00, 0x3f, 0xc0, 0x00, 0xfe,
    0x00, 0x1f, 0xe0, 0x00, 0xfe, 0x00, 0x0f, 0xf0, 0x00, 0xfe, 0x00, 0x07, 0xf8, 0x00, 0xfe, 0x00,
    0x03, 0xfc, 0x00, 0xfe, 0x00, 0x01, 0xfe, 0x00, 0xfe, 0x00, 0x00, 0xff, 0x00, 0xfe, 0x00, 0x00,
    0x7f, 0x80, 0xfe, 0x00, 0x00, 0x3f, 0xc0, 0xfe, 0x00, 0x00, 0x1f, 0xe0, 0xfe, 0x00, 0x00, 0x0f,
    0xf0, 0xfe, 0x00, 0x00, 0x07, 0xf8, 0xfe, 0x00, 0x00, 0x00, 0xfe, 0x00, 0x00, 0x00, 0xfe, 0x00,
    0x00, 0x00, 0xfe, 0x00, 0x00, 0x00, 0xfe, 0x00, 0x00, 0x00, 0xfe, 0x00, 0x00, 0x00, 0xfe, 0x00,
    0x00, 0x00, 0xfe, 0x00, 0x00, 0x00, 0xfe, 0x00, 0x00, 0x00, 0xfe, 0x00, 0x00, 0x00, 0xfe, 0x00,
    0x00, 0x00, 0xfe, 0x00, 0x00, 0x00, 0xfe, 0x00, 0x00, 0x00, 0xfe, 0x00, 0x00, 0x00, 0xfe, 0x00,
    0x00, 0x00, 0xfe, 0x00, 0x00, 0x00, 0xfe, 0x00, 0x00, 0x00, 0xfe, 0x00, 0x00, 0x00, 0xfe, 0x00,
    0x00, 0x00, 0xfe, 0x00, 0x00, 0x00, 0xfe, 0x00, 0x00, 0x00, 0xfe, 0x00, 0x00, 0x00, 0xfe, 0x00,
    0x00, 0x00, 0xfe, 0x00, 0x00, 0x00, 0xfe, 0x00, 0x00, 0x00, 0xfe, 0x00, 0x00, 0x00, 0xfe, 0x00,
    0x00, 0x00, 0xfe, 0x00, 0x00, 0x00, 0xfe, 0x00, 0x00, 0x00, 0xfe, 0x00, 0x00, 0x00, 0xfe, 0x00,
    0x00, 0x00, 0xfe, 0x00, 0x00, 0x00, 0xfe, 0x00, 0x00, 0x00, 0xfe, 0x00, 0x00, 0x00, 0xfe, 0x00,
    0x00, 0x00, 0xfe, 0x00, 0x00, 0x00, 0xfe, 0x00, 0x00, 0x00, 0xfe, 0x00, 0x00, 0x00, 0xfe, 0x00,
    0x00, 0x00, 0xfe, 0x00, 0x00, 0x00, 0xfe, 0x00, 0x00, 0x00, 0xfe, 0x00, 0x00, 0x00, 0xff, 0xff,
    0xff, 0xf8, 0xff, 0xff, 0xff, 0xf8, 0xff, 0xff, 0xff, 0xf8, 0xff, 0xff, 0xff, 0xf8, 0xff, 0xff,
    0xff, 0xf8, 0xff, 0xc0, 0x00, 0x00, 0x7f, 0xe0, 0xff, 0xc0, 0x00, 0x00, 0x7f, 0xe0, 0xff, 0xe0,
    0x00, 0x00, 0x7f, 0xe0, 0xff, 0xe0, 0x00, 0x00, 0xff, 0xe0, 0xff, 0xe0, 0x00, 0x00, 0xff, 0xe0,
    0xff, 0xf0, 0x00, 0x00, 0xff, 0xe0, 0xff, 0xf0, 0x00, 0x01, 0xff, 0xe0, 0xfd, 0xf0, 0x00, 0x01,
    0xf7, 0xe0, 0xfd, 0xf8, 0x00, 0x03, 0xf7, 0xe0, 0xfc, 0xf8, 0x00, 0x03, 0xe7, 0xe0, 0xfc, 0xfc,
    0x00, 0x03, 0xe7, 0xe0, 0xfc, 0x7c, 0x00, 0x07, 0xe7, 0xe0, 0xfc, 0x7c, 0x00, 0x07, 0xc7, 0xe0,
    0xfc, 0x7e, 0x00, 0x07, 0xc7, 0xe0, 0xfc, 0x3e, 0x00, 0x0f, 0xc7, 0xe0, 0xfc, 0x3e, 0x00, 0x0f,
    0x87, 0xe0, 0xfc, 0x3f, 0x00, 0x1f, 0x87, 0xe0, 0xfc, 0x1f, 0x00, 0x1f, 0x07, 0xe0, 0xfc, 0x1f,
    0x80, 0x1f, 0x07, 0xe0, 0xfc, 0x0f, 0x80, 0x3f, 0x07, 0xe0, 0xfc, 0x0f, 0x80, 0x3e, 0x07, 0xe0,
    0xfc, 0x0f, 0xc0, 0x3e, 0x07, 0xe0, 0xfc, 0x07, 0xc0, 0x7e, 0x07, 0xe0, 0xfc, 0x07, 0xc0, 0x7c,
    0x07, 0xe0, 0xfc, 0x07, 0xe0, 0xfc, 0x07, 0xe0, 0xfc, 0x03, 0xe0, 0xf8, 0x07, 0xe0, 0xfc, 0x03,
    0xf0, 0xf8, 0x07, 0xe0, 0xfc, 0x01, 0xf1, 0xf8, 0x07, 0xe0, 0xfc, 0x01, 0xf1, 0xf0, 0x07, 0xe0,
    0xfc, 0x01, 0xf9, 0xf0, 0x07, 0xe0, 0xfc, 0x00, 0xfb, 0xf0, 0x07, 0xe0, 0xfc, 0x00, 0xff, 0xe0,
    0x07, 0xe0, 0xfc, 0x00, 0xff, 0xe0, 0x07, 0xe0, 0xfc, 0x00, 0x7f, 0xc0, 0x07, 0xe0, 0xfc, 0x00,
    0x7f, 0xc0, 0x07, 0xe0, 0xfc, 0x00, 0x3f, 0xc0, 0x07, 0xe0, 0xfc, 0x00, 0x3f, 0x80, 0x07, 0xe0,
    0xfc, 0x00, 0x3f, 0x80, 0x07, 0xe0, 0xfc, 0x00, 0x00, 0x00, 0x07, 0xe0, 0xfc, 0x00, 0x00, 0x00,
    0x07, 0xe0, 0xfc, 0x00, 0x00, 0x00, 0x07, 0xe0, 0xfc, 0x00, 0x00, 0x00, 0x07, 0xe0, 0xfc, 0x00,
    0x00, 0x00, 0x07, 0xe0, 0xfc, 0x00, 0x00, 0x00, 0x07, 0xe0, 0xfc, 0x00, 0x00, 0x00, 0x07, 0xe0,
    0xfc, 0x00, 0x00, 0x00, 0x07, 0xe0, 0xfc, 0x00, 0x00, 0x00, 0x07, 0xe0, 0xff, 0x80, 0x00, 0x07,
    0xf0, 0xff, 0xc0, 0x00, 0x07, 0xf0, 0xff, 0xc0, 0x00, 0x07, 0xf0, 0xff, 0xe0, 0x00, 0x07, 0xf0,
    0xff, 0xe0, 0x00, 0x07, 0xf0, 0xff, 0xf0, 0x00, 0x07, 0xf0, 0xff, 0xf0, 0x00, 0x07, 0xf0, 0xff,
    0xf8, 0x00, 0x07, 0xf0, 0xff, 0xf8, 0x00, 0x07, 0xf0, 0xfd, 0xfc, 0x00, 0x07, 0xf0, 0xfc, 0xfc,
    0x00, 0x07, 0xf0, 0xfc, 0xfe, 0x00, 0x07, 0xf0, 0xfc, 0x7e, 0x00, 0x07, 0xf0, 0xfc, 0x7f, 0x00,
    0x07, 0xf0, 0xfc, 0x3f, 0x00, 0x07, 0xf0, 0xfc, 0x1f, 0x80, 0x07, 0xf0, 0xfc, 0x1f, 0x80, 0x07,
    0xf0, 0xfc, 0x0f, 0xc0, 0x07, 0xf0, 0xfc, 0x0f, 0xe0, 0x07, 0xf0, 0xfc, 0x07, 0xe0, 0x07, 0xf0,
    0xfc, 0x07, 0xf0, 0x07, 0xf0, 0xfc, 0x03, 0xf0, 0x07, 0xf0, 0xfc, 0x03, 0xf8, 0x07, 0xf0, 0xfc,
    0x01, 0xf8, 0x07, 0xf0, 0xfc, 0x01, 0xfc, 0x07, 0xf0, 0xfc, 0x00, 0xfc, 0x07, 0xf0, 0xfc, 0x00,
    0xfe, 0x07, 0xf0, 0xfc, 0x00, 0x7e, 0x07, 0xf0, 0xfc, 0x00, 0x7f, 0x07, 0xf0, 0xfc, 0x00, 0x3f,
    0x07, 0xf0, 0xfc, 0x00, 0x3f, 0x87, 0xf0, 0xfc, 0x00, 0x1f, 0x87, 0xf0, 0xfc, 0x00, 0x1f, 0xc7,
    0xf0, 0xfc, 0x00, 0x0f, 0xc7, 0xf0, 0xfc, 0x00, 0x07, 0xe7, 0xf0, 0xfc, 0x00, 0x07, 0xe7, 0xf0,
    0xfc, 0x00, 0x03, 0xf7, 0xf0, 0xfc, 0x00, 0x03, 0xff, 0xf0, 0xfc, 0x00, 0x01, 0xff, 0xf0, 0xfc,
    0x00, 0x01, 0xff, 0xf0, 0xfc, 0x00, 0x00, 0xff, 0xf0, 0xfc, 0x00, 0x00, 0xff, 0xf0, 0xfc, 0x00,
    0x00, 0x7f, 0xf0, 0xfc, 0x00, 0x00, 0x7f, 0xf0, 0xfc, 0x00, 0x00, 0x3f, 0xf0, 0xfc, 0x00, 0x00,
    0x3f, 0xf0, 0xfc, 0x00, 0x00, 0x1f, 0xf0, 0x00, 0x00, 0x7f, 0xe0, 0x00, 0x00, 0x00, 0x03, 0xff,
    0xfe, 0x00, 0x00, 0x00, 0x0f, 0xff, 0xff, 0x80, 0x00, 0x00, 0x3f, 0xff, 0xff, 0xc0, 0x00, 0x00,
    0x7f, 0xff, 0xff, 0xf0, 0x00, 0x00, 0xff, 0xc0, 0x3f, 0xf8, 0x00, 0x01, 0xff, 0x00, 0x07, 0xfc,
    0x00, 0x03, 0xfc, 0x00, 0x03, 0xfe, 0x00, 0x07, 0xf8, 0x00, 0x00, 0xfe, 0x00, 0x0f, 0xf0, 0x00,
    0x00, 0xff, 0x00, 0x0f, 0xe0, 0x00, 0x00, 0x7f, 0x80, 0x1f, 0xe0, 0x00, 0x00, 0x3f, 0x80, 0x1f,
    0xc0, 0x00, 0x00, 0x3f, 0xc0, 0x3f, 0x80, 0x00, 0x00, 0x1f, 0xc0, 0x3f, 0x80, 0x00, 0x00, 0x1f,
    0xc0, 0x3f, 0x80, 0x00, 0x00, 0x0f, 0xe0, 0x7f, 0x00, 0x00, 0x00, 0x0f, 0xe0, 0x7f, 0x00, 0x00,
    0x00, 0x0f, 0xe0, 0x7f, 0x00, 0x00, 0x00, 0x07, 0xe0, 0x7f, 0x00, 0x00, 0x00, 0x07, 0xe0, 0x7e,
    0x00, 0x00, 0x00, 0x07, 0xf0, 0x7e, 0x00, 0x00, 0x00, 0x07, 0xf0, 0x7e, 0x00, 0x00, 0x00, 0x07,
    0xf0, 0x7e, 0x00, 0x00, 0x00, 0x07, 0xf0, 0x7e, 0x00, 0x00, 0x00, 0x07, 0xf0, 0x7e, 0x00, 0x00,
    0x00, 0x07, 0xf0, 0x7e, 0x00, 0x00, 0x00, 0x07, 0xf0, 0x7e, 0x00, 0x00, 0x00, 0x07, 0xf0, 0x7e,
    0x00, 0x00, 0x00, 0x07, 0xf0, 0x7f, 0x00, 0x00, 0x00, 0x07, 0xe0, 0x7f, 0x00, 0x00, 0x00, 0x07,
    0xe0, 0x7f, 0x00, 0x00, 0x00, 0x0f, 0xe0, 0x7f, 0x00, 0x00, 0x00, 0x0f, 0xe0, 0x3f, 0x80, 0x00,
    0x00, 0x0f, 0xe0, 0x3f, 0x80, 0x00, 0x00, 0x1f, 0xc0, 0x3f, 0x80, 0x00, 0x00, 0x1f, 0xc0, 0x1f,
    0xc0, 0x00, 0x00, 0x3f, 0xc0, 0x1f, 0xe0, 0x00, 0x00, 0x3f, 0x80, 0x0f, 0xe0, 0x00, 0x00, 0x7f,
    0x80, 0x0f, 0xf0, 0x00, 0x00, 0xff, 0x00, 0x07, 0xf8, 0x00, 0x00, 0xfe, 0x00, 0x03, 0xfc, 0x00,
    0x03, 0xfe, 0x00, 0x01, 0xff, 0x00, 0x07, 0xfc, 0x00, 0x00, 0xff, 0xc0, 0x3f, 0xf8, 0x00, 0x00,
    0x7f, 0xff, 0xff, 0xf0, 0x00, 0x00, 0x3f, 0xff, 0xff, 0xc0, 0x00, 0x00, 0x0f, 0xff, 0xff, 0x80,
    0x00, 0x00, 0x03, 0xff, 0xfe, 0x00, 0x00, 0x00, 0x00, 0x7f, 0xe0, 0x00, 0x00, 0xff, 0xff, 0xf0,
    0x00, 0xff, 0xff, 0xfe, 0x00, 0xff, 0xff, 0xff, 0x80, 0xff, 0xff, 0xff, 0xc0, 0xff, 0xff, 0xff,
    0xe0, 0xfe, 0x00, 0x3f, 0xf0, 0xfe, 0x00, 0x0f, 0xf8, 0xfe, 0x00, 0x07, 0xf8, 0xfe, 0x00, 0x03,
    0xfc, 0xfe, 0x00, 0x01, 0xfc, 0xfe, 0x00, 0x01, 0xfc, 0xfe, 0x00, 0x01, 0xfc, 0xfe, 0x00, 0x00,
    0xfc, 0xfe, 0x00, 0x00, 0xfc, 0xfe, 0x00, 0x00, 0xfc, 0xfe, 0x00, 0x00, 0xfc, 0xfe, 0x00, 0x01,
    0xfc, 0xfe, 0x00, 0x01, 0xfc, 0xfe, 0x00, 0x01, 0xfc, 0xfe, 0x00, 0x03, 0xfc, 0xfe, 0x00, 0x07,
    0xf8, 0xfe, 0x00, 0x0f, 0xf8, 0xfe, 0x00, 0x3f, 0xf0, 0xff, 0xff, 0xff, 0xe0, 0xff, 0xff, 0xff,
    0xc0, 0xff, 0xff, 0xff, 0x80, 0xff, 0xff, 0xfe, 0x00, 0xff, 0xff, 0xf0, 0x00, 0xfe, 0x00, 0x00,
    0x00, 0xfe, 0x00, 0x00, 0x00, 0xfe, 0x00, 0x00, 0x00, 0xfe, 0x00, 0x00, 0x00, 0xfe, 0x00, 0x00,
    0x00, 0xfe, 0x00, 0x00, 0x00, 0xfe, 0x00, 0x00, 0x00, 0xfe, 0x00, 0x00, 0x00, 0xfe, 0x00, 0x00,
    0x00, 0xfe, 0x00, 0x00, 0x00, 0xfe, 0x00, 0x00, 0x00, 0xfe, 0x00, 0x00, 0x00, 0xfe, 0x00, 0x00,
    0x00, 0xfe, 0x00, 0x00, 0x00, 0xfe, 0x00, 0x00, 0x00, 0xfe, 0x00, 0x00, 0x00, 0xfe, 0x00, 0x00,
    0x00, 0xfe, 0x00, 0x00, 0x00, 0xfe, 0x00, 0x00, 0x00, 0x00, 0x00, 0x7f, 0xe0, 0x00, 0x00, 0x00,
    0x03, 0xff, 0xfe, 0x00, 0x00, 0x00, 0x0f, 0xff, 0xff, 0x80, 0x00, 0x00, 0x3f, 0xff, 0xff, 0xc0,
    0x00, 0x00, 0x7f, 0xff, 0xff, 0xf0, 0x00, 0x00, 0xff, 0xc0, 0x3f, 0xf8, 0x00, 0x01, 0xff, 0x00,
    0x07, 0xfc, 0x00, 0x03, 0xfc, 0x00, 0x03, 0xfe, 0x00, 0x07, 0xf8, 0x00, 0x00, 0xfe, 0x00, 0x0f,
    0xf0, 0x00, 0x00, 0xff, 0x00, 0x0f, 0xe0, 0x00, 0x00, 0x7f, 0x80, 0x1f, 0xe0, 0x00, 0x00, 0x3f,
    0x80, 0x1f, 0xc0, 0x00, 0x00, 0x3f, 0xc0, 0x3f, 0x80, 0x00, 0x00, 0x1f, 0xc0, 0x3f, 0x80, 0x00,
    0x00, 0x1f, 0xc0, 0x3f, 0x80, 0x00, 0x00, 0x0f, 0xe0, 0x7f, 0x00, 0x00, 0x00, 0x0f, 0xe0, 0x7f,
    0x00, 0x00, 0x00, 0x0f, 0xe0, 0x7f, 0x00, 0x00, 0x00, 0x07, 0xe0, 0x7f, 0x00, 0x00, 0x00, 0x07,
    0xe0, 0x7e, 0x00, 0x00, 0x00, 0x07, 0xf0, 0x7e, 0x00, 0x00, 0x00, 0x07, 0xf0, 0x7e, 0x00, 0x00,
    0x00, 0x07, 0xf0, 0x7e, 0x00, 0x00, 0x00, 0x07, 0xf0, 0x7e, 0x00, 0x00, 0x00, 0x07, 0xf0, 0x7e,
    0x00, 0x00, 0x00, 0x07, 0xf0, 0x7e, 0x00, 0x00, 0x00, 0x07, 0xf0, 0x7e, 0x00, 0x00, 0x00, 0x07,
    0xf0, 0x7e, 0x00, 0x00, 0x00, 0x07, 0xf0, 0x7f, 0x00, 0x00, 0x00, 0x07, 0xe0, 0x7f, 0x00, 0x00,
    0x00, 0x07, 0xe0, 0x7f, 0x00, 0x00, 0x00, 0x0f, 0xe0, 0x7f, 0x00, 0x00, 0x00, 0x0f, 0xe0, 0x3f,
    0x80, 0x00, 0x00, 0x0f, 0xe0, 0x3f, 0x80, 0x00, 0x00, 0x1f, 0xc0, 0x3f, 0x80, 0x00, 0x00, 0x1f,
    0xc0, 0x1f, 0xc0, 0x00, 0x00, 0x3f, 0xc0, 0x1f, 0xe0, 0x00, 0x00, 0x3f, 0x80, 0x0f, 0xe0, 0x00,
    0x00, 0x7f, 0x80, 0x0f, 0xf0, 0x00, 0x00, 0xff, 0x00, 0x07, 0xf8, 0x00, 0x00, 0xfe, 0x00, 0x03,
    0xfc, 0x00, 0x03, 0xfe, 0x00, 0x01, 0xff, 0x00, 0x07, 0xfc, 0x00, 0x00, 0xff, 0xc0, 0x3f, 0xf8,
    0x00, 0x00, 0x7f, 0xff, 0xff, 0xf0, 0x00, 0x00, 0x3f, 0xff, 0xff, 0xc0, 0x00, 0x00, 0x0f, 0xff,
    0xff, 0x80, 0x00, 0x00, 0x03, 0xff, 0xfe, 0x00, 0x00, 0x00, 0x00, 0x7f, 0xff, 0x00, 0x00, 0x00,
    0x00, 0x00, 0x7f, 0x80, 0x00, 0x00, 0x00, 0x00, 0x3f, 0xc0, 0x00, 0x00, 0x00, 0x00, 0x1f, 0xe0,
    0x00, 0x00, 0x00, 0x00, 0x0f, 0xf0, 0x00, 0x00, 0x00, 0x00, 0x07, 0xf8, 0x00, 0x00, 0x00, 0x00,
    0x03, 0xfc, 0x00, 0x00, 0x00, 0x00, 0x01, 0xfe, 0x00, 0xff, 0xff, 0xf0, 0x00, 0x00, 0xff, 0xff,
    0xfe, 0x00, 0x00, 0xff, 0xff, 0xff, 0x80, 0x00, 0xff, 0xff, 0xff, 0xe0, 0x00, 0xff, 0xff, 0xff,
    0xf0, 0x00, 0xfe, 0x00, 0x3f, 0xf0, 0x00, 0xfe, 0x00, 0x07, 0xf8, 0x00, 0xfe, 0x00, 0x03, 0xf8,
    0x00, 0xfe, 0x00, 0x03, 0xfc, 0x00, 0xfe, 0x00, 0x01, 0xfc, 0x00, 0xfe, 0x00, 0x01, 0xfc, 0x00,
    0xfe, 0x00, 0x00, 0xfc, 0x00, 0xfe, 0x00, 0x00, 0xfc, 0x00, 0xfe, 0x00, 0x00, 0xfc, 0x00, 0xfe,
    0x00, 0x00, 0xfc, 0x00, 0xfe, 0x00, 0x00, 0xfc, 0x00, 0xfe, 0x00, 0x01, 0xfc, 0x00, 0xfe, 0x00,
    0x01, 0xfc, 0x00, 0xfe, 0x00, 0x03, 0xfc, 0x00, 0xfe, 0x00, 0x03, 0xf8, 0x00, 0xfe, 0x00, 0x07,
    0xf8, 0x00, 0xfe, 0x00, 0x3f, 0xf0, 0x00, 0xff, 0xff, 0xff, 0xe0, 0x00, 0xff, 0xff, 0xff, 0xc0,
    0x00, 0xff, 0xff, 0xff, 0x00, 0x00, 0xff, 0xff, 0xff, 0x00, 0x00, 0xff, 0xff, 0xff, 0x80, 0x00,
    0xfe, 0x00, 0x7f, 0xc0, 0x00, 0xfe, 0x00, 0x1f, 0xe0, 0x00, 0xfe, 0x00, 0x0f, 0xf0, 0x00, 0xfe,
    0x00, 0x07, 0xf0, 0x00, 0xfe, 0x00, 0x03, 0xf8, 0x00, 0xfe, 0x00, 0x01, 0xf8, 0x00, 0xfe, 0x00,
    0x01, 0xfc, 0x00, 0xfe, 0x00, 0x00, 0xfc, 0x00, 0xfe, 0x00, 0x00, 0xfe, 0x00, 0xfe, 0x00, 0x00,
    0x7e, 0x00, 0xfe, 0x00, 0x00, 0x7f, 0x00, 0xfe, 0x00, 0x00, 0x3f, 0x00, 0xfe, 0x00, 0x00, 0x3f,
    0x80, 0xfe, 0x00, 0x00, 0x1f, 0x80, 0xfe, 0x00, 0x00, 0x1f, 0xc0, 0xfe, 0x00, 0x00, 0x0f, 0xc0,
    0xfe, 0x00, 0x00, 0x0f, 0xe0, 0xfe, 0x00, 0x00, 0x07, 0xe0, 0xfe, 0x00, 0x00, 0x07, 0xf0, 0xfe,
    0x00, 0x00, 0x03, 0xf0, 0x00, 0x0f, 0xfe, 0x00, 0x00, 0x00, 0xff, 0xff, 0xf0, 0x00, 0x03, 0xff,
    0xff, 0xfc, 0x00, 0x07, 0xff, 0xff, 0xfc, 0x00, 0x0f, 0xff, 0xff, 0xfc, 0x00, 0x1f, 0xf8, 0x03,
    0xfc, 0x00, 0x3f, 0xc0, 0x00, 0x3c, 0x00, 0x7f, 0x80, 0x00, 0x04, 0x00, 0x7f, 0x00, 0x00, 0x00,
    0x00, 0x7e, 0x00, 0x00, 0x00, 0x00, 0xfe, 0x00, 0x00, 0x00, 0x00, 0xfe, 0x00, 0x00, 0x00, 0x00,
    0xfe, 0x00, 0x00, 0x00, 0x00, 0xfe, 0x00, 0x00, 0x00, 0x00, 0xfe, 0x00, 0x00, 0x00, 0x00, 0xfe,
    0x00, 0x00, 0x00, 0x00, 0x7f, 0x00, 0x00, 0x00, 0x00, 0x7f, 0x80, 0x00, 0x00, 0x00, 0x7f, 0xe0,
    0x00, 0x00, 0x00, 0x3f, 0xfc, 0x00, 0x00, 0x00, 0x1f, 0xff, 0xe0, 0x00, 0x00, 0x1f, 0xff, 0xfe,
    0x00, 0x00, 0x07, 0xff, 0xff, 0xc0, 0x00, 0x03, 0xff, 0xff, 0xe0, 0x00, 0x00, 0x7f, 0xff, 0xf8,
    0x00, 0x00, 0x0f, 0xff, 0xfc, 0x00, 0x00, 0x00, 0x7f, 0xfe, 0x00, 0x00, 0x00, 0x0f, 0xfe, 0x00,
    0x00, 0x00, 0x01, 0xff, 0x00, 0x00, 0x00, 0x00, 0xff, 0x00, 0x00, 0x00, 0x00, 0x7f, 0x00, 0x00,
    0x00, 0x00, 0x3f, 0x80, 0x00, 0x00, 0x00, 0x3f, 0x80, 0x00, 0x00, 0x00, 0x3f, 0x80, 0x00, 0x00,
    0x00, 0x3f, 0x80, 0x00, 0x00, 0x00, 0x3f, 0x80, 0x00, 0x00, 0x00, 0x3f, 0x80, 0x00, 0x00, 0x00,
    0x3f, 0x80, 0x00, 0x00, 0x00, 0x3f, 0x80, 0x00, 0x00, 0x00, 0x7f, 0x00, 0xe0, 0x00, 0x00, 0x7f,
    0x00, 0xf8, 0x00, 0x00, 0xff, 0x00, 0xfe, 0x00, 0x03, 0xfe, 0x00, 0xff, 0xe0, 0x0f, 0xfc, 0x00,
    0xff, 0xff, 0xff, 0xf8, 0x00, 0xff, 0xff, 0xff, 0xf0, 0x00, 0x3f, 0xff, 0xff, 0xe0, 0x00, 0x07,
    0xff, 0xff, 0x80, 0x00, 0x00, 0x3f, 0xf8, 0x00, 0x00, 0x7f, 0xff, 0xff, 0xff, 0xff, 0x00, 0x7f,
    0xff, 0xff, 0xff, 0xff, 0x00, 0x7f, 0xff, 0xff, 0xff, 0xff, 0x00, 0x7f, 0xff, 0xff, 0xff, 0xff,
    0x00, 0x7f, 0xff, 0xff, 0xff, 0xff, 0x00, 0x00, 0x00, 0x7f, 0x00, 0x00, 0x00, 0x00, 0x00, 0x7f,
    0x00, 0x00, 0x00, 0x00, 0x00, 0x7f, 0x00, 0x00, 0x00, 0x00, 0x00, 0x7f, 0x00, 0x00, 0x00, 0x00,
    0x00, 0x7f, 0x00, 0x00, 0x00, 0x00, 0x00, 0x7f, 0x00, 0x00, 0x00, 0x00, 0x00, 0x7f, 0x00, 0x00,
    0x00, 0x00, 0x00, 0x7f, 0x00, 0x00, 0x00, 0x00, 0x00, 0x7f, 0x00, 0x00, 0x00, 0x00, 0x00, 0x7f,
    0x00, 0x00, 0x00, 0x00, 0x00, 0x7f, 0x00, 0x00, 0x00, 0x00, 0x00, 0x7f, 0x00, 0x00, 0x00, 0x00,
    0x00, 0x7f, 0x00, 0x00, 0x00, 0x00, 0x00, 0x7f, 0x00, 0x00, 0x00, 0x00, 0x00, 0x7f, 0x00, 0x00,
    0x00, 0x00, 0x00, 0x7f, 0x00, 0x00, 0x00, 0x00, 0x00, 0x7f, 0x00, 0x00, 0x00, 0x00, 0x00, 0x7f,
    0x00, 0x00, 0x00, 0x00, 0x00, 0x7f, 0x00, 0x00, 0x00, 0x00, 0x00, 0x7f, 0x00, 0x00, 0x00, 0x00,
    0x00, 0x7f, 0x00, 0x00, 0x00, 0x00, 0x00, 0x7f, 0x00, 0x00, 0x00, 0x00, 0x00, 0x7f, 0x00, 0x00,
    0x00, 0x00, 0x00, 0x7f, 0x00, 0x00, 0x00, 0x00, 0x00, 0x7f, 0x00, 0x00, 0x00, 0x00, 0x00, 0x7f,
    0x00, 0x00, 0x00, 0x00, 0x00, 0x7f, 0x00, 0x00, 0x00, 0x00, 0x00, 0x7f, 0x00, 0x00, 0x00, 0x00,
    0x00, 0x7f, 0x00, 0x00, 0x00, 0x00, 0x00, 0x7f, 0x00, 0x00, 0x00, 0x00, 0x00, 0x7f, 0x00, 0x00,
    0x00, 0x00, 0x00, 0x7f, 0x00, 0x00, 0x00, 0x00, 0x00, 0x7f, 0x00, 0x00, 0x00, 0x00, 0x00, 0x7f,
    0x00, 0x00, 0x00, 0x00, 0x00, 0x7f, 0x00, 0x00, 0x00, 0x00, 0x00, 0x7f, 0x00, 0x00, 0x00, 0x00,
    0x00, 0x7f, 0x00, 0x00, 0x00, 0x00, 0x00, 0x7f, 0x00, 0x00, 0x00, 0x00, 0x00, 0x7f, 0x00, 0x00,
    0x00, 0x00, 0x00, 0x7f, 0x00, 0x00, 0x00, 0x00, 0x00, 0x7f, 0x00, 0x00, 0x00, 0x00, 0x00, 0x7f,
    0x00, 0x00, 0x00, 0x7e, 0x00, 0x00, 0x03, 0xf0, 0x7e, 0x00, 0x00, 0x03, 0xf0, 0x7e, 0x00, 0x00,
    0x03, 0xf0, 0x7e, 0x00, 0x00, 0x03, 0xf0, 0x7e, 0x00, 0x00, 0x03, 0xf0, 0x7e, 0x00, 0x00, 0x03,
    0xf0, 0x7e, 0x00, 0x00, 0x03, 0xf0, 0x7e, 0x00, 0x00, 0x03, 0xf0, 0x7e, 0x00, 0x00, 0x03, 0xf0,
    0x7e, 0x00, 0x00, 0x03, 0xf0, 0x7e, 0x00, 0x00, 0x03, 0xf0, 0x7e, 0x00, 0x00, 0x03, 0xf0, 0x7e,
    0x00, 0x00, 0x03, 0xf0, 0x7e, 0x00, 0x00, 0x03, 0xf0, 0x7e, 0x00, 0x00, 0x03, 0xf0, 0x7e, 0x00,
    0x00, 0x03, 0xf0, 0x7e, 0x00, 0x00, 0x03, 0xf0, 0x7e, 0x00, 0x00, 0x03, 0xf0, 0x7e, 0x00, 0x00,
    0x03, 0xf0, 0x7e, 0x00, 0x00, 0x03, 0xf0, 0x7e, 0x00, 0x00, 0x03, 0xf0, 0x7e, 0x00, 0x00, 0x03,
    0xf0, 0x7e, 0x00, 0x00, 0x03, 0xf0, 0x7e, 0x00, 0x00, 0x03, 0xf0, 0x7e, 0x00, 0x00, 0x03, 0xf0,
    0x7e, 0x00, 0x00, 0x03, 0xf0, 0x7e, 0x00, 0x00, 0x03, 0xf0, 0x7e, 0x00, 0x00, 0x03, 0xf0, 0x7e,
    0x00, 0x00, 0x03, 0xf0, 0x7e, 0x00, 0x00, 0x03, 0xf0, 0x7e, 0x00, 0x00, 0x03, 0xf0, 0x7e, 0x00,
    0x00, 0x03, 0xf0, 0x7e, 0x00, 0x00, 0x03, 0xf0, 0x7e, 0x00, 0x00, 0x03, 0xf0, 0x7e, 0x00, 0x00,
    0x07, 0xf0, 0x7f, 0x00, 0x00, 0x07, 0xf0, 0x7f, 0x00, 0x00, 0x07, 0xe0, 0x3f, 0x00, 0x00, 0x0f,
    0xe0, 0x3f, 0x80, 0x00, 0x0f, 0xe0, 0x3f, 0xc0, 0x00, 0x1f, 0xc0, 0x1f, 0xe0, 0x00, 0x3f, 0xc0,
    0x0f, 0xf0, 0x00, 0x7f, 0x80, 0x0f, 0xfc, 0x03, 0xff, 0x00, 0x07, 0xff, 0xff, 0xff, 0x00, 0x03,
    0xff, 0xff, 0xfc, 0x00, 0x00, 0xff, 0xff, 0xf8, 0x00, 0x00, 0x3f, 0xff, 0xe0, 0x00, 0x00, 0x07,
    0xff, 0x00, 0x00, 0x7e, 0x00, 0x00, 0x00, 0x0f, 0xe0, 0x7f, 0x00, 0x00, 0x00, 0x0f, 0xe0, 0x7f,
    0x00, 0x00, 0x00, 0x0f, 0xc0, 0x3f, 0x00, 0x00, 0x00, 0x1f, 0xc0, 0x3f, 0x80, 0x00, 0x00, 0x1f,
    0xc0, 0x1f, 0x80, 0x00, 0x00, 0x1f, 0x80, 0x1f, 0xc0, 0x00, 0x00, 0x3f, 0x80, 0x1f, 0xc0, 0x00,
    0x00, 0x3f, 0x00, 0x0f, 0xc0, 0x00, 0x00, 0x3f, 0x00, 0x0f, 0xe0, 0x00, 0x00, 0x7f, 0x00, 0x0f,
    0xe0, 0x00, 0x00, 0x7e, 0x00, 0x07, 0xe0, 0x00, 0x00, 0xfe, 0x00, 0x07, 0xf0, 0x00, 0x00, 0xfe,
    0x00, 0x03, 0xf0, 0x00, 0x00, 0xfc, 0x00, 0x03, 0xf8, 0x00, 0x01, 0xfc, 0x00, 0x03, 0xf8, 0x00,
    0x01, 0xf8, 0x00, 0x01, 0xf8, 0x00, 0x01, 0xf8, 0x00, 0x01, 0xfc, 0x00, 0x03, 0xf8, 0x00, 0x00,
    0xfc, 0x00, 0x03, 0xf0, 0x00, 0x00, 0xfc, 0x00, 0x07, 0xf0, 0x00, 0x00, 0xfe, 0x00, 0x07, 0xe0,
    0x00, 0x00, 0x7e, 0x00, 0x07, 0xe0, 0x00, 0x00, 0x7e, 0x00, 0x0f, 0xe0, 0x00, 0x00, 0x7f, 0x00,
    0x0f, 0xc0, 0x00, 0x00, 0x3f, 0x00, 0x0f, 0xc0, 0x00, 0x00, 0x3f, 0x80, 0x1f, 0xc0, 0x00, 0x00,
    0x1f, 0x80, 0x1f, 0x80, 0x00, 0x00, 0x1f, 0x80, 0x3f, 0x80, 0x00, 0x00, 0x1f, 0xc0, 0x3f, 0x00,
    0x00, 0x00, 0x0f, 0xc0, 0x3f, 0x00, 0x00, 0x00, 0x0f, 0xc0, 0x7f, 0x00, 0x00, 0x00, 0x0f, 0xe0,
    0x7e, 0x00, 0x00, 0x00, 0x07, 0xe0, 0x7e, 0x00, 0x00, 0x00, 0x07, 0xf0, 0xfe, 0x00, 0x00, 0x00,
    0x03, 0xf0, 0xfc, 0x00, 0x00, 0x00, 0x03, 0xf1, 0xfc, 0x00, 0x00, 0x00, 0x03, 0xf9, 0xf8, 0x00,
    0x00, 0x00, 0x01, 0xf9, 0xf8, 0x00, 0x00, 0x00, 0x01, 0xfb, 0xf8, 0x00, 0x00, 0x00, 0x01, 0xff,
    0xf0, 0x00, 0x00, 0x00, 0x00, 0xff, 0xf0, 0x00, 0x00, 0x00, 0x00, 0xff, 0xf0, 0x00, 0x00, 0x00,
    0x00, 0x7f, 0xe0, 0x00, 0x00, 0x00, 0x00, 0x7f, 0xe0, 0x00, 0x00, 0x00, 0x00, 0x7f, 0xc0, 0x00,
    0x00, 0x00, 0x00, 0x3f, 0xc0, 0x00, 0x00, 0x00, 0x00, 0x3f, 0xc0, 0x00, 0x00, 0xfe, 0x00, 0x00,
    0x3f, 0x80, 0x00, 0x07, 0xe0, 0xfe, 0x00, 0x00, 0x3f, 0xc0, 0x00, 0x0f, 0xe0, 0x7e, 0x00, 0x00,
    0x7f, 0xc0, 0x00, 0x0f, 0xe0, 0x7e, 0x00, 0x00, 0x7f, 0xc0, 0x00, 0x0f, 0xc0, 0x7f, 0x00, 0x00,
    0x7f, 0xc0, 0x00, 0x0f, 0xc0, 0x7f, 0x00, 0x00, 0x7f, 0xe0, 0x00, 0x1f, 0xc0, 0x3f, 0x00, 0x00,
    0xff, 0xe0, 0x00, 0x1f, 0xc0, 0x3f, 0x00, 0x00, 0xfb, 0xe0, 0x00, 0x1f, 0x80, 0x3f, 0x80, 0x00,
    0xfb, 0xe0, 0x00, 0x1f, 0x80, 0x3f, 0x80, 0x00, 0xfb, 0xf0, 0x00, 0x3f, 0x80, 0x1f, 0x80, 0x00,
    0xf9, 0xf0, 0x00, 0x3f, 0x80, 0x1f, 0x80, 0x01, 0xf1, 0xf0, 0x00, 0x3f, 0x00, 0x1f, 0xc0, 0x01,
    0xf1, 0xf0, 0x00, 0x3f, 0x00, 0x1f, 0xc0, 0x01, 0xf1, 0xf8, 0x00, 0x7f, 0x00, 0x0f, 0xc0, 0x01,
    0xf0, 0xf8, 0x00, 0x7f, 0x00, 0x0f, 0xc0, 0x03, 0xe0, 0xf8, 0x00, 0x7e, 0x00, 0x0f, 0xe0, 0x03,
    0xe0, 0xf8, 0x00, 0x7e, 0x00, 0x0f, 0xe0, 0x03, 0xe0, 0xfc, 0x00, 0xfe, 0x00, 0x07, 0xe0, 0x03,
    0xe0, 0x7c, 0x00, 0xfe, 0x00, 0x07, 0xe0, 0x07, 0xc0, 0x7c, 0x00, 0xfc, 0x00, 0x07, 0xf0, 0x07,
    0xc0, 0x7c, 0x00, 0xfc, 0x00, 0x07, 0xf0, 0x07, 0xc0, 0x7c, 0x01, 0xfc, 0x00, 0x03, 0xf0, 0x07,
    0xc0, 0x3e, 0x01, 0xfc, 0x00, 0x03, 0xf0, 0x0f, 0x80, 0x3e, 0x01, 0xf8, 0x00, 0x03, 0xf8, 0x0f,
    0x80, 0x3e, 0x01, 0xf8, 0x00, 0x03, 0xf8, 0x0f, 0x80, 0x3e, 0x01, 0xf8, 0x00, 0x01, 0xf8, 0x0f,
    0x80, 0x1f, 0x03, 0xf8, 0x00, 0x01, 0xf8, 0x1f, 0x00, 0x1f, 0x03, 0xf0, 0x00, 0x01, 0xfc, 0x1f,
    0x00, 0x1f, 0x03, 0xf0, 0x00, 0x01, 0xfc, 0x1f, 0x00, 0x1f, 0x03, 0xf0, 0x00, 0x00, 0xfc, 0x1f,
    0x00, 0x0f, 0x87, 0xf0, 0x00, 0x00, 0xfc, 0x3f, 0x00, 0x0f, 0x87, 0xe0, 0x00, 0x00, 0xfe, 0x3e,
    0x00, 0x0f, 0x87, 0xe0, 0x00, 0x00, 0xfe, 0x3e, 0x00, 0x0f, 0x87, 0xe0, 0x00, 0x00, 0x7e, 0x3e,
    0x00, 0x07, 0xcf, 0xe0, 0x00, 0x00, 0x7e, 0x7e, 0x00, 0x07, 0xcf, 0xc0, 0x00, 0x00, 0x7f, 0x7c,
    0x00, 0x07, 0xcf, 0xc0, 0x00, 0x00, 0x7f, 0x7c, 0x00, 0x07, 0xcf, 0xc0, 0x00, 0x00, 0x3f, 0x7c,
    0x00, 0x07, 0xff, 0xc0, 0x00, 0x00, 0x3f, 0xfc, 0x00, 0x03, 0xff, 0x80, 0x00, 0x00, 0x3f, 0xf8,
    0x00, 0x03, 0xff, 0x80, 0x00, 0x00, 0x3f, 0xf8, 0x00, 0x03, 0xff, 0x80, 0x00, 0x00, 0x1f, 0xf8,
    0x00, 0x03, 0xff, 0x80, 0x00, 0x00, 0x1f, 0xf8, 0x00, 0x01, 0xff, 0x00, 0x00, 0x00, 0x1f, 0xf0,
    0x00, 0x01, 0xff, 0x00, 0x00, 0x00, 0x1f, 0xf0, 0x00, 0x01, 0xff, 0x00, 0x00, 0x00, 0x0f, 0xf0,
    0x00, 0x01, 0xff, 0x00, 0x00, 0x1f, 0xc0, 0x00, 0x00, 0x7e, 0x00, 0x0f, 0xe0, 0x00, 0x00, 0xfe,
    0x00, 0x07, 0xe0, 0x00, 0x01, 0xfc, 0x00, 0x07, 0xf0, 0x00, 0x01, 0xf8, 0x00, 0x03, 0xf8, 0x00,
    0x03, 0xf8, 0x00, 0x01, 0xf8, 0x00, 0x07, 0xf0, 0x00, 0x01, 0xfc, 0x00, 0x07, 0xe0, 0x00, 0x00,
    0xfe, 0x00, 0x0f, 0xe0, 0x00, 0x00, 0x7e, 0x00, 0x1f, 0xc0, 0x00, 0x00, 0x7f, 0x00, 0x1f, 0x80,
    0x00, 0x00, 0x3f, 0x80, 0x3f, 0x80, 0x00, 0x00, 0x1f, 0x80, 0x7f, 0x00, 0x00, 0x00, 0x1f, 0xc0,
    0x7e, 0x00, 0x00, 0x00, 0x0f, 0xe0, 0xfe, 0x00, 0x00, 0x00, 0x07, 0xe1, 0xfc, 0x00, 0x00, 0x00,
    0x07, 0xf3, 0xf8, 0x00, 0x00, 0x00, 0x03, 0xfb, 0xf8, 0x00, 0x00, 0x00, 0x01, 0xff, 0xf0, 0x00,
    0x00, 0x00, 0x01, 0xff, 0xe0, 0x00, 0x00, 0x00, 0x00, 0xff, 0xe0, 0x00, 0x00, 0x00, 0x00, 0x7f,
    0xc0, 0x00, 0x00, 0x00, 0x00, 0x7f, 0x80, 0x00, 0x00, 0x00, 0x00, 0x3f, 0x80, 0x00, 0x00, 0x00,
    0x00, 0x7f, 0x80, 0x00, 0x00, 0x00, 0x00, 0xff, 0xc0, 0x00, 0x00, 0x00, 0x00, 0xff, 0xe0, 0x00,
    0x00, 0x00, 0x01, 0xff, 0xe0, 0x00, 0x00, 0x00, 0x03, 0xff, 0xf0, 0x00, 0x00, 0x00, 0x03, 0xf3,
    0xf8, 0x00, 0x00, 0x00, 0x07, 0xf1, 0xf8, 0x00, 0x00, 0x00, 0x0f, 0xe1, 0xfc, 0x00, 0x00, 0x00,
    0x0f, 0xc0, 0xfe, 0x00, 0x00, 0x00, 0x1f, 0xc0, 0xfe, 0x00, 0x00, 0x00, 0x3f, 0x80, 0x7f, 0x00,
    0x00, 0x00, 0x7f, 0x00, 0x3f, 0x80, 0x00, 0x00, 0x7f, 0x00, 0x3f, 0x80, 0x00, 0x00, 0xfe, 0x00,
    0x1f, 0xc0, 0x00, 0x01, 0xfc, 0x00, 0x0f, 0xe0, 0x00, 0x01, 0xfc, 0x00, 0x0f, 0xe0, 0x00, 0x03,
    0xf8, 0x00, 0x07, 0xf0, 0x00, 0x07, 0xf0, 0x00, 0x03, 0xf8, 0x00, 0x07, 0xe0, 0x00, 0x03, 0xf8,
    0x00, 0x0f, 0xe0, 0x00, 0x01, 0xfc, 0x00, 0x1f, 0xc0, 0x00, 0x00, 0xfe, 0x00, 0x1f, 0x80, 0x00,
    0x00, 0xfe, 0x00, 0x3f, 0x80, 0x00, 0x00, 0x7f, 0x00, 0x7f, 0x00, 0x00, 0x00, 0x3f, 0x80, 0x7f,
    0x00, 0x00, 0x00, 0x7f, 0x00, 0x3f, 0x80, 0x00, 0x00, 0xfe, 0x00, 0x1f, 0x80, 0x00, 0x00, 0xfe,
    0x00, 0x1f, 0xc0, 0x00, 0x01, 0xfc, 0x00, 0x0f, 0xe0, 0x00, 0x03, 0xf8, 0x00, 0x07, 0xe0, 0x00,
    0x03, 0xf8, 0x00, 0x07, 0xf0, 0x00, 0x07, 0xf0, 0x00, 0x03, 0xf8, 0x00, 0x0f, 0xe0, 0x00, 0x01,
    0xf8, 0x00, 0x0f, 0xe0, 0x00, 0x01, 0xfc, 0x00, 0x1f, 0xc0, 0x00, 0x00, 0xfe, 0x00, 0x3f, 0x80,
    0x00, 0x00, 0x7e, 0x00, 0x3f, 0x80, 0x00, 0x00, 0x7f, 0x00, 0x7f, 0x00, 0x00, 0x00, 0x3f, 0x80,
    0xfe, 0x00, 0x00, 0x00, 0x1f, 0x80, 0xfe, 0x00, 0x00, 0x00, 0x1f, 0xc1, 0xfc, 0x00, 0x00, 0x00,
    0x0f, 0xe3, 0xf8, 0x00, 0x00, 0x00, 0x07, 0xe3, 0xf0, 0x00, 0x00, 0x00, 0x07, 0xf7, 0xf0, 0x00,
    0x00, 0x00, 0x03, 0xff, 0xe0, 0x00, 0x00, 0x00, 0x01, 0xff, 0xc0, 0x00, 0x00, 0x00, 0x01, 0xff,
    0xc0, 0x00, 0x00, 0x00, 0x00, 0xff, 0x80, 0x00, 0x00, 0x00, 0x00, 0x7f, 0x00, 0x00, 0x00, 0x00,
    0x00, 0x7f, 0x00, 0x00, 0x00, 0x00, 0x00, 0x7f, 0x00, 0x00, 0x00, 0x00, 0x00, 0x7f, 0x00, 0x00,
    0x00, 0x00, 0x00, 0x7f, 0x00, 0x00, 0x00, 0x00, 0x00, 0x7f, 0x00, 0x00, 0x00, 0x00, 0x00, 0x7f,
    0x00, 0x00, 0x00, 0x00, 0x00, 0x7f, 0x00, 0x00, 0x00, 0x00, 0x00, 0x7f, 0x00, 0x00, 0x00, 0x00,
    0x00, 0x7f, 0x00, 0x00, 0x00, 0x00, 0x00, 0x7f, 0x00, 0x00, 0x00, 0x00, 0x00, 0x7f, 0x00, 0x00,
    0x00, 0x00, 0x00, 0x7f, 0x00, 0x00, 0x00, 0x00, 0x00, 0x7f, 0x00, 0x00, 0x00, 0x00, 0x00, 0x7f,
    0x00, 0x00, 0x00, 0x00, 0x00, 0x7f, 0x00, 0x00, 0x00, 0x00, 0x00, 0x7f, 0x00, 0x00, 0x00, 0x00,
    0x00, 0x7f, 0x00, 0x00, 0x00, 0x00, 0x00, 0x7f, 0x00, 0x00, 0x00, 0x00, 0x00, 0x7f, 0x00, 0x00,
    0x00, 0x00, 0x00, 0x7f, 0x00, 0x00, 0x00, 0x00, 0x00, 0x7f, 0x00, 0x00, 0x00, 0x00, 0x00, 0x7f,
    0x00, 0x00, 0x00, 0x00, 0x00, 0x7f, 0x00, 0x00, 0x00, 0x3f, 0xff, 0xff, 0xff, 0xfc, 0x3f, 0xff,
    0xff, 0xff, 0xfc, 0x3f, 0xff, 0xff, 0xff, 0xfc, 0x3f, 0xff, 0xff, 0xff, 0xfc, 0x3f, 0xff, 0xff,
    0xff, 0xfc, 0x00, 0x00, 0x00, 0x03, 0xfc, 0x00, 0x00, 0x00, 0x07, 0xf8, 0x00, 0x00, 0x00, 0x0f,
    0xf0, 0x00, 0x00, 0x00, 0x0f, 0xe0, 0x00, 0x00, 0x00, 0x1f, 0xe0, 0x00, 0x00, 0x00, 0x3f, 0xc0,
    0x00, 0x00, 0x00, 0x7f, 0x80, 0x00, 0x00, 0x00, 0xff, 0x00, 0x00, 0x00, 0x00, 0xfe, 0x00, 0x00,
    0x00, 0x01, 0xfe, 0x00, 0x00, 0x00, 0x03, 0xfc, 0x00, 0x00, 0x00, 0x07, 0xf8, 0x00, 0x00, 0x00,
    0x0f, 0xf0, 0x00, 0x00, 0x00, 0x0f, 0xe0, 0x00, 0x00, 0x00, 0x1f, 0xe0, 0x00, 0x00, 0x00, 0x3f,
    0xc0, 0x00, 0x00, 0x00, 0x7f, 0x80, 0x00, 0x00, 0x00, 0xff, 0x00, 0x00, 0x00, 0x00, 0xfe, 0x00,
    0x00, 0x00, 0x01, 0xfe, 0x00, 0x00, 0x00, 0x03, 0xfc, 0x00, 0x00, 0x00, 0x07, 0xf8, 0x00, 0x00,
    0x00, 0x0f, 0xf0, 0x00, 0x00, 0x00, 0x0f, 0xe0, 0x00, 0x00, 0x00, 0x1f, 0xe0, 0x00, 0x00, 0x00,
    0x3f, 0xc0, 0x00, 0x00, 0x00, 0x7f, 0x80, 0x00, 0x00, 0x00, 0x7f, 0x00, 0x00, 0x00, 0x00, 0xff,
    0x00, 0x00, 0x00, 0x01, 0xfe, 0x00, 0x00, 0x00, 0x03, 0xfc, 0x00, 0x00, 0x00, 0x07, 0xf8, 0x00,
    0x00, 0x00, 0x07, 0xf0, 0x00, 0x00, 0x00, 0x0f, 0xf0, 0x00, 0x00, 0x00, 0x1f, 0xe0, 0x00, 0x00,
    0x00, 0x3f, 0xc0, 0x00, 0x00, 0x00, 0x7f, 0x80, 0x00, 0x00, 0x00, 0x7f, 0xff, 0xff, 0xff, 0xfe,
    0x7f, 0xff, 0xff, 0xff, 0xfe, 0x7f, 0xff, 0xff, 0xff, 0xfe, 0x7f, 0xff, 0xff, 0xff, 0xfe, 0x7f,
    0xff, 0xff, 0xff, 0xfe, 0xff, 0xfc, 0xff, 0xfc, 0xff, 0xfc, 0xff, 0xfc, 0xff, 0xfc, 0xfc, 0x00,
    0xfc, 0x00, 0xfc, 0x00, 0xfc, 0x00, 0xfc, 0x00, 0xfc, 0x00, 0xfc, 0x00, 0xfc, 0x00, 0xfc, 0x00,
    0xfc, 0x00, 0xfc, 0x00, 0xfc, 0x00, 0xfc, 0x00, 0xfc, 0x00, 0xfc, 0x00, 0xfc, 0x00, 0xfc, 0x00,
    0xfc, 0x00, 0xfc, 0x00, 0xfc, 0x00, 0xfc, 0x00, 0xfc, 0x00, 0xfc, 0x00, 0xfc, 0x00, 0xfc, 0x00,
    0xfc, 0x00, 0xfc, 0x00, 0xfc, 0x00, 0xfc, 0x00, 0xfc, 0x00, 0xfc, 0x00, 0xfc, 0x00, 0xfc, 0x00,
    0xfc, 0x00, 0xfc, 0x00, 0xfc, 0x00, 0xfc, 0x00, 0xfc, 0x00, 0xfc, 0x00, 0xfc, 0x00, 0xfc, 0x00,
    0xfc, 0x00, 0xfc, 0x00, 0xfc, 0x00, 0xfc, 0x00, 0xfc, 0x00, 0xfc, 0x00, 0xff, 0xfc, 0xff, 0xfc,
    0xff, 0xfc, 0xff, 0xfc, 0xff, 0xfc, 0xf8, 0x00, 0x00, 0xfc, 0x00, 0x00, 0x7c, 0x00, 0x00, 0x7c,
    0x00, 0x00, 0x7e, 0x00, 0x00, 0x3e, 0x00, 0x00, 0x3e, 0x00, 0x00, 0x3f, 0x00, 0x00, 0x1f, 0x00,
    0x00, 0x1f, 0x00, 0x00, 0x1f, 0x80, 0x00, 0x0f, 0x80, 0x00, 0x0f, 0x80, 0x00, 0x0f, 0x80, 0x00,
    0x0f, 0xc0, 0x00, 0x07, 0xc0, 0x00, 0x07, 0xc0, 0x00, 0x07, 0xe0, 0x00, 0x03, 0xe0, 0x00, 0x03,
    0xe0, 0x00, 0x03, 0xf0, 0x00, 0x01, 0xf0, 0x00, 0x01, 0xf0, 0x00, 0x01, 0xf8, 0x00, 0x00, 0xf8,
    0x00, 0x00, 0xf8, 0x00, 0x00, 0xf8, 0x00, 0x00, 0xfc, 0x00, 0x00, 0x7c, 0x00, 0x00, 0x7c, 0x00,
    0x00, 0x7e, 0x00, 0x00, 0x3e, 0x00, 0x00, 0x3e, 0x00, 0x00, 0x3f, 0x00, 0x00, 0x1f, 0x00, 0x00,
    0x1f, 0x00, 0x00, 0x1f, 0x80, 0x00, 0x1f, 0x80, 0x00, 0x0f, 0x80, 0x00, 0x0f, 0x80, 0x00, 0x0f,
    0xc0, 0x00, 0x07, 0xc0, 0x00, 0x07, 0xc0, 0x00, 0x07, 0xe0, 0x00, 0x03, 0xe0, 0x00, 0x03, 0xe0,
    0x00, 0x03, 0xf0, 0x00, 0x01, 0xf0, 0x00, 0x01, 0xf0, 0x00, 0x01, 0xf0, 0x00, 0x01, 0xf8, 0x00,
    0x00, 0xf8, 0x00, 0x00, 0xf8, 0xff, 0xf8, 0xff, 0xf8, 0xff, 0xf8, 0xff, 0xf8, 0xff, 0xf8, 0x00,
    0xf8, 0x00, 0xf8, 0x00, 0xf8, 0x00, 0xf8, 0x00, 0xf8, 0x00, 0xf8, 0x00, 0xf8, 0x00, 0xf8, 0x00,
    0xf8, 0x00, 0xf8, 0x00, 0xf8, 0x00, 0xf8, 0x00, 0xf8, 0x00, 0xf8, 0x00, 0xf8, 0x00, 0xf8, 0x00,
    0xf8, 0x00, 0xf8, 0x00, 0xf8, 0x00, 0xf8, 0x00, 0xf8, 0x00, 0xf8, 0x00, 0xf8, 0x00, 0xf8, 0x00,
    0xf8, 0x00, 0xf8, 0x00, 0xf8, 0x00, 0xf8, 0x00, 0xf8, 0x00, 0xf8, 0x00, 0xf8, 0x00, 0xf8, 0x00,
    0xf8, 0x00, 0xf8, 0x00, 0xf8, 0x00, 0xf8, 0x00, 0xf8, 0x00, 0xf8, 0x00, 0xf8, 0x00, 0xf8, 0x00,
    0xf8, 0x00, 0xf8, 0x00, 0xf8, 0x00, 0xf8, 0x00, 0xf8, 0x00, 0xf8, 0x00, 0xf8, 0xff, 0xf8, 0xff,
    0xf8, 0xff, 0xf8, 0xff, 0xf8, 0xff, 0xf8, 0x00, 0x00, 0x7f, 0x00, 0x00, 0x00, 0x00, 0x00, 0xff,
    0x80, 0x00, 0x00, 0x00, 0x01, 0xff, 0xc0, 0x00, 0x00, 0x00, 0x03, 0xff, 0xe0, 0x00, 0x00, 0x00,
    0x07, 0xff, 0xf0, 0x00, 0x00, 0x00, 0x0f, 0xf7, 0xf8, 0x00, 0x00, 0x00, 0x1f, 0xe1, 0xfc, 0x00,
    0x00, 0x00, 0x3f, 0xc0, 0xfe, 0x00, 0x00, 0x00, 0x7f, 0x80, 0x7f, 0x00, 0x00, 0x00, 0xff, 0x00,
    0x3f, 0x80, 0x00, 0x01, 0xfc, 0x00, 0x1f, 0xc0, 0x00, 0x03, 0xf8, 0x00, 0x0f, 0xe0, 0x00, 0x07,
    0xf0, 0x00, 0x07, 0xf0, 0x00, 0x0f, 0xe0, 0x00, 0x01, 0xf8, 0x00, 0x1f, 0xc0, 0x00, 0x00, 0xfc,
    0x00, 0x3f, 0x80, 0x00, 0x00, 0x7e, 0x00, 0x7f, 0x00, 0x00, 0x00, 0x3f, 0x00, 0xff, 0xff, 0xff,
    0xff, 0xc0, 0xff, 0xff, 0xff, 0xff, 0xc0, 0xff, 0xff, 0xff, 0xff, 0xc0, 0xff, 0xff, 0xff, 0xff,
    0xc0, 0xff, 0xff, 0xff, 0xff, 0xc0, 0x7e, 0x00, 0x3f, 0x00, 0x3f, 0x00, 0x1f, 0x80, 0x0f, 0xc0,
    0x07, 0xe0, 0x03, 0xe0, 0x01, 0xf0, 0x00, 0xf8, 0x00, 0xf8, 0x00, 0x7c, 0x00, 0x3e, 0x00, 0x1f,
    0xf0, 0x00, 0x01, 0xff, 0xfe, 0x00, 0x07, 0xff, 0xff, 0x80, 0x1f, 0xff, 0xff, 0xc0, 0x1f, 0xff,
    0xff, 0xe0, 0x1f, 0xc0, 0x1f, 0xf0, 0x1e, 0x00, 0x07, 0xf0, 0x10, 0x00, 0x03, 0xf8, 0x00, 0x00,
    0x01, 0xf8, 0x00, 0x00, 0x00, 0xfc, 0x00, 0x00, 0x00, 0xfc, 0x00, 0x00, 0x00, 0xfc, 0x00, 0x00,
    0x00, 0x7c, 0x00, 0x00, 0x00, 0x7c, 0x00, 0x1f, 0xff, 0xfc, 0x00, 0xff, 0xff, 0xfc, 0x03, 0xff,
    0xff, 0xfc, 0x0f, 0xff, 0xff, 0xfc, 0x1f, 0xff, 0xff, 0xfc, 0x1f, 0xf0, 0x00, 0x7c, 0x3f, 0x80,
    0x00, 0x7c, 0x3f, 0x00, 0x00, 0x7c, 0x7e, 0x00, 0x00, 0xfc, 0x7e, 0x00, 0x00, 0xfc, 0x7e, 0x00,
    0x00, 0xfc, 0x7e, 0x00, 0x00, 0xfc, 0x7e, 0x00, 0x01, 0xfc, 0x7e, 0x00, 0x01, 0xfc, 0x7e, 0x00,
    0x03, 0xfc, 0x7f, 0x00, 0x07, 0xfc, 0x3f, 0x80, 0x0f, 0xfc, 0x3f, 0xe0, 0x7f, 0xfc, 0x1f, 0xff,
    0xff, 0x7c, 0x0f, 0xff, 0xfe, 0x7c, 0x07, 0xff, 0xf8, 0x7c, 0x03, 0xff, 0xf0, 0x7c, 0x00, 0x7f,
    0x80, 0x00, 0x7e, 0x00, 0x00, 0x00, 0x00, 0x7e, 0x00, 0x00, 0x00, 0x00, 0x7e, 0x00, 0x00, 0x00,
    0x00, 0x7e, 0x00, 0x00, 0x00, 0x00, 0x7e, 0x00, 0x00, 0x00, 0x00, 0x7e, 0x00, 0x00, 0x00, 0x00,
    0x7e, 0x00, 0x00, 0x00, 0x00, 0x7e, 0x00, 0x00, 0x00, 0x00, 0x7e, 0x00, 0x00, 0x00, 0x00, 0x7e,
    0x00, 0x00, 0x00, 0x00, 0x7e, 0x00, 0x00, 0x00, 0x00, 0x7e, 0x00, 0x00, 0x00, 0x00, 0x7e, 0x00,
    0x00, 0x00, 0x00, 0x7e, 0x03, 0xf8, 0x00, 0x00, 0x7e, 0x1f, 0xff, 0x00, 0x00, 0x7e, 0x3f, 0xff,
    0x80, 0x00, 0x7e, 0x7f, 0xff, 0xe0, 0x00, 0x7e, 0xff, 0xff, 0xf0, 0x00, 0x7f, 0xf8, 0x1f, 0xf0,
    0x00, 0x7f, 0xe0, 0x07, 0xf8, 0x00, 0x7f, 0xc0, 0x01, 0xfc, 0x00, 0x7f, 0x80, 0x01, 0xfc, 0x00,
    0x7f, 0x80, 0x00, 0xfe, 0x00, 0x7f, 0x00, 0x00, 0x7e, 0x00, 0x7f, 0x00, 0x00, 0x7e, 0x00, 0x7e,
    0x00, 0x00, 0x7e, 0x00, 0x7e, 0x00, 0x00, 0x3f, 0x00, 0x7e, 0x00, 0x00, 0x3f, 0x00, 0x7e, 0x00,
    0x00, 0x3f, 0x00, 0x7e, 0x00, 0x00, 0x3f, 0x00, 0x7e, 0x00, 0x00, 0x3f, 0x00, 0x7e, 0x00, 0x00,
    0x3f, 0x00, 0x7e, 0x00, 0x00, 0x3f, 0x00, 0x7e, 0x00, 0x00, 0x3f, 0x00, 0x7e, 0x00, 0x00, 0x3f,
    0x00, 0x7e, 0x00, 0x00, 0x3f, 0x00, 0x7e, 0x00, 0x00, 0x3f, 0x00, 0x7e, 0x00, 0x00, 0x7e, 0x00,
    0x7f, 0x00, 0x00, 0x7e, 0x00, 0x7f, 0x00, 0x00, 0x7e, 0x00, 0x7f, 0x80, 0x00, 0xfe, 0x00, 0x7f,
    0x80, 0x01, 0xfc, 0x00, 0x7f, 0xc0, 0x01, 0xfc, 0x00, 0x7f, 0xe0, 0x07, 0xf8, 0x00, 0x7f, 0xf8,
    0x1f, 0xf0, 0x00, 0x7e, 0xff, 0xff, 0xf0, 0x00, 0x7e, 0x7f, 0xff, 0xe0, 0x00, 0x7e, 0x3f, 0xff,
    0xc0, 0x00, 0x7e, 0x1f, 0xff, 0x00, 0x00, 0x00, 0x03, 0xf8, 0x00, 0x00, 0x00, 0x07, 0xfc, 0x00,
    0x00, 0x3f, 0xff, 0x80, 0x00, 0xff, 0xff, 0xe0, 0x01, 0xff, 0xff, 0xf0, 0x03, 0xff, 0xff, 0xf0,
    0x07, 0xfe, 0x03, 0xf0, 0x0f, 0xf0, 0x00, 0x70, 0x1f, 0xe0, 0x00, 0x10, 0x1f, 0xc0, 0x00, 0x00,
    0x3f, 0x80, 0x00, 0x00, 0x3f, 0x00, 0x00, 0x00, 0x7f, 0x00, 0x00, 0x00, 0x7e, 0x00, 0x00, 0x00,
    0x7e, 0x00, 0x00, 0x00, 0x7e, 0x00, 0x00, 0x00, 0x7e, 0x00, 0x00, 0x00, 0x7e, 0x00, 0x00, 0x00,
    0x7e, 0x00, 0x00, 0x00, 0x7e, 0x00, 0x00, 0x00, 0x7e, 0x00, 0x00, 0x00, 0x7e, 0x00, 0x00, 0x00,
    0x7e, 0x00, 0x00, 0x00, 0x7e, 0x00, 0x00, 0x00, 0x7e, 0x00, 0x00, 0x00, 0x7e, 0x00, 0x00, 0x00,
    0x3f, 0x00, 0x00, 0x00, 0x3f, 0x00, 0x00, 0x00, 0x3f, 0x80, 0x00, 0x00, 0x1f, 0xc0, 0x00, 0x00,
    0x1f, 0xe0, 0x00, 0x10, 0x0f, 0xf0, 0x00, 0x70, 0x07, 0xfe, 0x03, 0xf0, 0x03, 0xff, 0xff, 0xf0,
    0x01, 0xff, 0xff, 0xf0, 0x00, 0xff, 0xff, 0xe0, 0x00, 0x3f, 0xff, 0x80, 0x00, 0x07, 0xfc, 0x00,
    0x00, 0x00, 0x00, 0x3f, 0x00, 0x00, 0x00, 0x3f, 0x00, 0x00, 0x00, 0x3f, 0x00, 0x00, 0x00, 0x3f,
    0x00, 0x00, 0x00, 0x3f, 0x00, 0x00, 0x00, 0x3f, 0x00, 0x00, 0x00, 0x3f, 0x00, 0x00, 0x00, 0x3f,
    0x00, 0x00, 0x00, 0x3f, 0x00, 0x00, 0x00, 0x3f, 0x00, 0x00, 0x00, 0x3f, 0x00, 0x00, 0x00, 0x3f,
    0x00, 0x00, 0x00, 0x3f, 0x00, 0x1f, 0xe0, 0x3f, 0x00, 0x7f, 0xf8, 0x3f, 0x01, 0xff, 0xfe, 0x3f,
    0x03, 0xff, 0xff, 0x3f, 0x07, 0xff, 0xff, 0xbf, 0x0f, 0xf8, 0x1f, 0xff, 0x0f, 0xe0, 0x07, 0xff,
    0x1f, 0xc0, 0x03, 0xff, 0x1f, 0x80, 0x01, 0xff, 0x3f, 0x80, 0x00, 0xff, 0x3f, 0x00, 0x00, 0x7f,
    0x7f, 0x00, 0x00, 0x7f, 0x7e, 0x00, 0x00, 0x7f, 0x7e, 0x00, 0x00, 0x3f, 0x7e, 0x00, 0x00, 0x3f,
    0x7e, 0x00, 0x00, 0x3f, 0x7e, 0x00, 0x00, 0x3f, 0x7e, 0x00, 0x00, 0x3f, 0x7c, 0x00, 0x00, 0x3f,
    0x7e, 0x00, 0x00, 0x3f, 0x7e, 0x00, 0x00, 0x3f, 0x7e, 0x00, 0x00, 0x3f, 0x7e, 0x00, 0x00, 0x3f,
    0x7e, 0x00, 0x00, 0x3f, 0x7e, 0x00, 0x00, 0x7f, 0x7f, 0x00, 0x00, 0x7f, 0x3f, 0x00, 0x00, 0x7f,
    0x3f, 0x80, 0x00, 0xff, 0x1f, 0x80, 0x01, 0xff, 0x1f, 0xc0, 0x03, 0xff, 0x0f, 0xe0, 0x07, 0xff,
    0x0f, 0xf8, 0x1f, 0xff, 0x07, 0xff, 0xff, 0xbf, 0x03, 0xff, 0xff, 0x3f, 0x01, 0xff, 0xfe, 0x3f,
    0x00, 0x7f, 0xfc, 0x3f, 0x00, 0x1f, 0xe0, 0x00, 0x00, 0x07, 0xfc, 0x00, 0x00, 0x00, 0x3f, 0xff,
    0x80, 0x00, 0x00, 0xff, 0xff, 0xe0, 0x00, 0x01, 0xff, 0xff, 0xf0, 0x00, 0x03, 0xff, 0xff, 0xf8,
    0x00, 0x07, 0xfc, 0x07, 0xfc, 0x00, 0x0f, 0xf0, 0x01, 0xfc, 0x00, 0x1f, 0xc0, 0x00, 0xfe, 0x00,
    0x1f, 0x80, 0x00, 0x7e, 0x00, 0x3f, 0x80, 0x00, 0x3f, 0x00, 0x3f, 0x00, 0x00, 0x3f, 0x00, 0x3f,
    0x00, 0x00, 0x1f, 0x00, 0x7e, 0x00, 0x00, 0x1f, 0x80, 0x7e, 0x00, 0x00, 0x1f, 0x80, 0x7e, 0x00,
    0x00, 0x1f, 0x80, 0x7f, 0xff, 0xff, 0xff, 0x80, 0x7f, 0xff, 0xff, 0xff, 0x80, 0x7f, 0xff, 0xff,
    0xff, 0x80, 0x7f, 0xff, 0xff, 0xff, 0x80, 0x7f, 0xff, 0xff, 0xff, 0x80, 0x7e, 0x00, 0x00, 0x00,
    0x00, 0x7e, 0x00, 0x00, 0x00, 0x00, 0x7e, 0x00, 0x00, 0x00, 0x00, 0x7e, 0x00, 0x00, 0x00, 0x00,
    0x7e, 0x00, 0x00, 0x00, 0x00, 0x7f, 0x00, 0x00, 0x00, 0x00, 0x3f, 0x00, 0x00, 0x00, 0x00, 0x3f,
    0x80, 0x00, 0x00, 0x00, 0x1f, 0xc0, 0x00, 0x00, 0x00, 0x1f, 0xe0, 0x00, 0x03, 0x00, 0x0f, 0xf0,
    0x00, 0x0f, 0x00, 0x07, 0xfe, 0x00, 0xff, 0x00, 0x03, 0xff, 0xff, 0xff, 0x00, 0x01, 0xff, 0xff,
    0xff, 0x00, 0x00, 0x7f, 0xff, 0xfc, 0x00, 0x00, 0x1f, 0xff, 0xf0, 0x00, 0x00, 0x03, 0xff, 0x00,
    0x00, 0x00, 0x07, 0xfe, 0x00, 0x3f, 0xfe, 0x00, 0x7f, 0xfe, 0x00, 0xff, 0xfe, 0x01, 0xff, 0xfe,
    0x01, 0xfc, 0x00, 0x01, 0xf8, 0x00, 0x03, 0xf0, 0x00, 0x03, 0xf0, 0x00, 0x03, 0xf0, 0x00, 0x03,
    0xf0, 0x00, 0x03, 0xf0, 0x00, 0x03, 0xf0, 0x00, 0x03, 0xf0, 0x00, 0xff, 0xff, 0xf8, 0xff, 0xff,
    0xf8, 0xff, 0xff, 0xf8, 0xff, 0xff, 0xf8, 0xff, 0xff, 0xf8, 0x03, 0xf0, 0x00, 0x03, 0xf0, 0x00,
    0x03, 0xf0, 0x00, 0x03, 0xf0, 0x00, 0x03, 0xf0, 0x00, 0x03, 0xf0, 0x00, 0x03, 0xf0, 0x00, 0x03,
    0xf0, 0x00, 0x03, 0xf0, 0x00, 0x03, 0xf0, 0x00, 0x03, 0xf0, 0x00, 0x03, 0xf0, 0x00, 0x03, 0xf0,
    0x00, 0x03, 0xf0, 0x00, 0x03, 0xf0, 0x00, 0x03, 0xf0, 0x00, 0x03, 0xf0, 0x00, 0x03, 0xf0, 0x00,
    0x03, 0xf0, 0x00, 0x03, 0xf0, 0x00, 0x03, 0xf0, 0x00, 0x03, 0xf0, 0x00, 0x03, 0xf0, 0x00, 0x03,
    0xf0, 0x00, 0x03, 0xf0, 0x00, 0x03, 0xf0, 0x00, 0x03, 0xf0, 0x00, 0x03, 0xf0, 0x00, 0x03, 0xf0,
    0x00, 0x03, 0xf0, 0x00, 0x00, 0x1f, 0xe0, 0x00, 0x00, 0x7f, 0xf8, 0x3f, 0x01, 0xff, 0xfe, 0x3f,
    0x03, 0xff, 0xff, 0x3f, 0x07, 0xff, 0xff, 0xbf, 0x0f, 0xf8, 0x1f, 0xff, 0x1f, 0xe0, 0x07, 0xff,
    0x1f, 0xc0, 0x01, 0xff, 0x3f, 0x80, 0x00, 0xff, 0x3f, 0x00, 0x00, 0xff, 0x3f, 0x00, 0x00, 0x7f,
    0x7e, 0x00, 0x00, 0x7f, 0x7e, 0x00, 0x00, 0x7f, 0x7e, 0x00, 0x00, 0x3f, 0x7e, 0x00, 0x00, 0x3f,
    0x7e, 0x00, 0x00, 0x3f, 0x7e, 0x00, 0x00, 0x3f, 0x7c, 0x00, 0x00, 0x3f, 0x7c, 0x00, 0x00, 0x3f,
    0x7e, 0x00, 0x00, 0x3f, 0x7e, 0x00, 0x00, 0x3f, 0x7e, 0x00, 0x00, 0x3f, 0x7e, 0x00, 0x00, 0x3f,
    0x7e, 0x00, 0x00, 0x7f, 0x7e, 0x00, 0x00, 0x7f, 0x3f, 0x00, 0x00, 0x7f, 0x3f, 0x00, 0x00, 0xff,
    0x3f, 0x80, 0x00, 0xff, 0x1f, 0xc0, 0x01, 0xff, 0x1f, 0xe0, 0x07, 0xff, 0x0f, 0xf8, 0x1f, 0xff,
    0x07, 0xff, 0xff, 0xbf, 0x03, 0xff, 0xff, 0x3f, 0x01, 0xff, 0xfe, 0x3f, 0x00, 0x7f, 0xf8, 0x3f,
    0x00, 0x1f, 0xe0, 0x3f, 0x00, 0x00, 0x00, 0x3e, 0x00, 0x00, 0x00, 0x7e, 0x00, 0x00, 0x00, 0x7e,
    0x00, 0x00, 0x00, 0xfe, 0x00, 0x00, 0x00, 0xfc, 0x04, 0x00, 0x01, 0xfc, 0x07, 0x00, 0x07, 0xf8,
    0x07, 0xe0, 0x1f, 0xf8, 0x07, 0xff, 0xff, 0xf0, 0x07, 0xff, 0xff, 0xe0, 0x07, 0xff, 0xff, 0xc0,
    0x03, 0xff, 0xff, 0x00, 0x00, 0x3f, 0xf8, 0x00, 0x7e, 0x00, 0x00, 0x00, 0x7e, 0x00, 0x00, 0x00,
    0x7e, 0x00, 0x00, 0x00, 0x7e, 0x00, 0x00, 0x00, 0x7e, 0x00, 0x00, 0x00, 0x7e, 0x00, 0x00, 0x00,
    0x7e, 0x00, 0x00, 0x00, 0x7e, 0x00, 0x00, 0x00, 0x7e, 0x00, 0x00, 0x00, 0x7e, 0x00, 0x00, 0x00,
    0x7e, 0x00, 0x00, 0x00, 0x7e, 0x00, 0x00, 0x00, 0x7e, 0x00, 0x00, 0x00, 0x7e, 0x03, 0xfc, 0x00,
    0x7e, 0x1f, 0xff, 0x00, 0x7e, 0x3f, 0xff, 0xc0, 0x7e, 0x7f, 0xff, 0xe0, 0x7e, 0xff, 0xff, 0xf0,
    0x7f, 0xf8, 0x0f, 0xf0, 0x7f, 0xe0, 0x07, 0xf8, 0x7f, 0xc0, 0x03, 0xf8, 0x7f, 0x80, 0x01, 0xf8,
    0x7f, 0x00, 0x00, 0xfc, 0x7f, 0x00, 0x00, 0xfc, 0x7e, 0x00, 0x00, 0xfc, 0x7e, 0x00, 0x00, 0xfc,
    0x7e, 0x00, 0x00, 0xfc, 0x7e, 0x00, 0x00, 0xfc, 0x7e, 0x00, 0x00, 0xfc, 0x7e, 0x00, 0x00, 0xfc,
    0x7e, 0x00, 0x00, 0xfc, 0x7e, 0x00, 0x00, 0xfc, 0x7e, 0x00, 0x00, 0xfc, 0x7e, 0x00, 0x00, 0xfc,
    0x7e, 0x00, 0x00, 0xfc, 0x7e, 0x00, 0x00, 0xfc, 0x7e, 0x00, 0x00, 0xfc, 0x7e, 0x00, 0x00, 0xfc,
    0x7e, 0x00, 0x00, 0xfc, 0x7e, 0x00, 0x00, 0xfc, 0x7e, 0x00, 0x00, 0xfc, 0x7e, 0x00, 0x00, 0xfc,
    0x7e, 0x00, 0x00, 0xfc, 0x7e, 0x00, 0x00, 0xfc, 0x7e, 0x00, 0x00, 0xfc, 0x7e, 0x00, 0x00, 0xfc,
    0x7e, 0x00, 0x00, 0xfc, 0x7e, 0x00, 0x00, 0xfc, 0x7e, 0x00, 0x00, 0xfc, 0xfc, 0xfc, 0xfc, 0xfc,
    0xfc, 0xfc, 0xfc, 0x00, 0x00, 0x00, 0x00, 0x00, 0x00, 0x00, 0xfc, 0xfc, 0xfc, 0xfc, 0xfc, 0xfc,
    0xfc, 0xfc, 0xfc, 0xfc, 0xfc, 0xfc, 0xfc, 0xfc, 0xfc, 0xfc, 0xfc, 0xfc, 0xfc, 0xfc, 0xfc, 0xfc,
    0xfc, 0xfc, 0xfc, 0xfc, 0xfc, 0xfc, 0xfc, 0xfc, 0xfc, 0xfc, 0xfc, 0xfc, 0xfc, 0x00, 0xfc, 0x00,
    0xfc, 0x00, 0xfc, 0x00, 0xfc, 0x00, 0xfc, 0x00, 0xfc, 0x00, 0xfc, 0x00, 0x00, 0x00, 0x00, 0x00,
    0x00, 0x00, 0x00, 0x00, 0x00, 0x00, 0x00, 0x00, 0x00, 0x00, 0xfc, 0x00, 0xfc, 0x00, 0xfc, 0x00,
    0xfc, 0x00, 0xfc, 0x00, 0xfc, 0x00, 0xfc, 0x00, 0xfc, 0x00, 0xfc, 0x00, 0xfc, 0x00, 0xfc, 0x00,
    0xfc, 0x00, 0xfc, 0x00, 0xfc, 0x00, 0xfc, 0x00, 0xfc, 0x00, 0xfc, 0x00, 0xfc, 0x00, 0xfc, 0x00,
    0xfc, 0x00, 0xfc, 0x00, 0xfc, 0x00, 0xfc, 0x00, 0xfc, 0x00, 0xfc, 0x00, 0xfc, 0x00, 0xfc, 0x00,
    0xfc, 0x00, 0xfc, 0x00, 0xfc, 0x00, 0xfc, 0x00, 0xfc, 0x00, 0xfc, 0x00, 0xfc, 0x00, 0xfc, 0x00,
    0xfc, 0x00, 0xfc, 0x00, 0xfc, 0x00, 0xfc, 0x00, 0xf8, 0x01, 0xf8, 0x01, 0xf8, 0x07, 0xf8, 0x7f,
    0xf0, 0x7f, 0xf0, 0x7f, 0xe0, 0x7f, 0x80, 0x7e, 0x00, 0x7e, 0x00, 0x00, 0x00, 0x7e, 0x00, 0x00,
    0x00, 0x7e, 0x00, 0x00, 0x00, 0x7e, 0x00, 0x00, 0x00, 0x7e, 0x00, 0x00, 0x00, 0x7e, 0x00, 0x00,
    0x00, 0x7e, 0x00, 0x00, 0x00, 0x7e, 0x00, 0x00, 0x00, 0x7e, 0x00, 0x00, 0x00, 0x7e, 0x00, 0x00,
    0x00, 0x7e, 0x00, 0x00, 0x00, 0x7e, 0x00, 0x00, 0x00, 0x7e, 0x00, 0x00, 0x00, 0x7e, 0x00, 0x00,
    0x00, 0x7e, 0x00, 0x01, 0xfe, 0x7e, 0x00, 0x03, 0xf8, 0x7e, 0x00, 0x07, 0xf0, 0x7e, 0x00, 0x0f,
    0xe0, 0x7e, 0x00, 0x1f, 0xc0, 0x7e, 0x00, 0x3f, 0x80, 0x7e, 0x00, 0xff, 0x00, 0x7e, 0x01, 0xfe,
    0x00, 0x7e, 0x03, 0xf8, 0x00, 0x7e, 0x07, 0xf0, 0x00, 0x7e, 0x0f, 0xe0, 0x00, 0x7e, 0x1f, 0xc0,
    0x00, 0x7e, 0x3f, 0x80, 0x00, 0x7e, 0xff, 0x00, 0x00, 0x7f, 0xfe, 0x00, 0x00, 0x7f, 0xfc, 0x00,
    0x00, 0x7f, 0xf8, 0x00, 0x00, 0x7f, 0xfc, 0x00, 0x00, 0x7f, 0xfe, 0x00, 0x00, 0x7e, 0xff, 0x00,
    0x00, 0x7e, 0x7f, 0x80, 0x00, 0x7e, 0x3f, 0xc0, 0x00, 0x7e, 0x1f, 0xe0, 0x00, 0x7e, 0x0f, 0xf0,
    0x00, 0x7e, 0x07, 0xf8, 0x00, 0x7e, 0x03, 0xfc, 0x00, 0x7e, 0x00, 0xfe, 0x00, 0x7e, 0x00, 0x7f,
    0x00, 0x7e, 0x00, 0x3f, 0x80, 0x7e, 0x00, 0x1f, 0xc0, 0x7e, 0x00, 0x0f, 0xe0, 0x7e, 0x00, 0x07,
    0xf0, 0x7e, 0x00, 0x03, 0xf8, 0x7e, 0x00, 0x01, 0xfc, 0x7e, 0x00, 0x00, 0xfe, 0xfc, 0xfc, 0xfc,
    0xfc, 0xfc, 0xfc, 0xfc, 0xfc, 0xfc, 0xfc, 0xfc, 0xfc, 0xfc, 0xfc, 0xfc, 0xfc, 0xfc, 0xfc, 0xfc,
    0xfc, 0xfc, 0xfc, 0xfc, 0xfc, 0xfc, 0xfc, 0xfc, 0xfc, 0xfc, 0xfc, 0xfc, 0xfc, 0xfc, 0xfc, 0xfc,
    0xfc, 0xfc, 0xfc, 0xfc, 0xfc, 0xfc, 0xfc, 0xfc, 0xfc, 0xfc, 0xfc, 0xfc, 0xfc, 0xfc, 0x00, 0x03,
    0xf8, 0x00, 0x07, 0xf0, 0x00, 0x7e, 0x1f, 0xff, 0x00, 0x3f, 0xfc, 0x00, 0x7e, 0x3f, 0xff, 0x80,
    0xff, 0xff, 0x00, 0x7e, 0x7f, 0xff, 0xc1, 0xff, 0xff, 0x80, 0x7e, 0xff, 0xff, 0xe3, 0xff, 0xff,
    0x80, 0x7f, 0xf8, 0x1f, 0xe7, 0xf0, 0x3f, 0xc0, 0x7f, 0xe0, 0x07, 0xf7, 0xc0, 0x1f, 0xc0, 0x7f,
    0xc0, 0x03, 0xff, 0x00, 0x0f, 0xe0, 0x7f, 0x80, 0x03, 0xfe, 0x00, 0x07, 0xe0, 0x7f, 0x00, 0x01,
    0xfe, 0x00, 0x07, 0xe0, 0x7f, 0x00, 0x01, 0xfc, 0x00, 0x03, 0xf0, 0x7e, 0x00, 0x01, 0xfc, 0x00,
    0x03, 0xf0, 0x7e, 0x00, 0x01, 0xfc, 0x00, 0x03, 0xf0, 0x7e, 0x00, 0x01, 0xf8, 0x00, 0x03, 0xf0,
    0x7e, 0x00, 0x01, 0xf8, 0x00, 0x03, 0xf0, 0x7e, 0x00, 0x01, 0xf8, 0x00, 0x03, 0xf0, 0x7e, 0x00,
    0x01, 0xf8, 0x00, 0x03, 0xf0, 0x7e, 0x00, 0x01, 0xf8, 0x00, 0x03, 0xf0, 0x7e, 0x00, 0x01, 0xf8,
    0x00, 0x03, 0xf0, 0x7e, 0x00, 0x01, 0xf8, 0x00, 0x03, 0xf0, 0x7e, 0x00, 0x01, 0xf8, 0x00, 0x03,
    0xf0, 0x7e, 0x00, 0x01, 0xf8, 0x00, 0x03, 0xf0, 0x7e, 0x00, 0x01, 0xf8, 0x00, 0x03, 0xf0, 0x7e,
    0x00, 0x01, 0xf8, 0x00, 0x03, 0xf0, 0x7e, 0x00, 0x01, 0xf8, 0x00, 0x03, 0xf0, 0x7e, 0x00, 0x01,
    0xf8, 0x00, 0x03, 0xf0, 0x7e, 0x00, 0x01, 0xf8, 0x00, 0x03, 0xf0, 0x7e, 0x00, 0x01, 0xf8, 0x00,
    0x03, 0xf0, 0x7e, 0x00, 0x01, 0xf8, 0x00, 0x03, 0xf0, 0x7e, 0x00, 0x01, 0xf8, 0x00, 0x03, 0xf0,
    0x7e, 0x00, 0x01, 0xf8, 0x00, 0x03, 0xf0, 0x7e, 0x00, 0x01, 0xf8, 0x00, 0x03, 0xf0, 0x7e, 0x00,
    0x01, 0xf8, 0x00, 0x03, 0xf0, 0x7e, 0x00, 0x01, 0xf8, 0x00, 0x03, 0xf0, 0x7e, 0x00, 0x01, 0xf8,
    0x00, 0x03, 0xf0, 0x7e, 0x00, 0x01, 0xf8, 0x00, 0x03, 0xf0, 0x00, 0x03, 0xfc, 0x00, 0x7e, 0x1f,
    0xff, 0x00, 0x7e, 0x3f, 0xff, 0xc0, 0x7e, 0x7f, 0xff, 0xe0, 0x7e, 0xff, 0xff, 0xf0, 0x7f, 0xf8,
    0x0f, 0xf0, 0x7f, 0xe0, 0x07, 0xf8, 0x7f, 0xc0, 0x03, 0xf8, 0x7f, 0x80, 0x01, 0xf8, 0x7f, 0x00,
    0x00, 0xfc, 0x7f, 0x00, 0x00, 0xfc, 0x7e, 0x00, 0x00, 0xfc, 0x7e, 0x00, 0x00, 0xfc, 0x7e, 0x00,
    0x00, 0xfc, 0x7e, 0x00, 0x00, 0xfc, 0x7e, 0x00, 0x00, 0xfc, 0x7e, 0x00, 0x00, 0xfc, 0x7e, 0x00,
    0x00, 0xfc, 0x7e, 0x00, 0x00, 0xfc, 0x7e, 0x00, 0x00, 0xfc, 0x7e, 0x00, 0x00, 0xfc, 0x7e, 0x00,
    0x00, 0xfc, 0x7e, 0x00, 0x00, 0xfc, 0x7e, 0x00, 0x00, 0xfc, 0x7e, 0x00, 0x00, 0xfc, 0x7e, 0x00,
    0x00, 0xfc, 0x7e, 0x00, 0x00, 0xfc, 0x7e, 0x00, 0x00, 0xfc, 0x7e, 0x00, 0x00, 0xfc, 0x7e, 0x00,
    0x00, 0xfc, 0x7e, 0x00, 0x00, 0xfc, 0x7e, 0x00, 0x00, 0xfc, 0x7e, 0x00, 0x00, 0xfc, 0x7e, 0x00,
    0x00, 0xfc, 0x7e, 0x00, 0x00, 0xfc, 0x7e, 0x00, 0x00, 0xfc, 0x00, 0x0f, 0xf8, 0x00, 0x00, 0x00,
    0x7f, 0xff, 0x00, 0x00, 0x00, 0xff, 0xff, 0xc0, 0x00, 0x03, 0xff, 0xff, 0xe0, 0x00, 0x07, 0xff,
    0xff, 0xf0, 0x00, 0x0f, 0xfc, 0x0f, 0xf8, 0x00, 0x0f, 0xf0, 0x03, 0xfc, 0x00, 0x1f, 0xc0, 0x01,
    0xfc, 0x00, 0x3f, 0x80, 0x00, 0xfe, 0x00, 0x3f, 0x80, 0x00, 0xfe, 0x00, 0x3f, 0x00, 0x00, 0x7e,
    0x00, 0x7f, 0x00, 0x00, 0x7f, 0x00, 0x7e, 0x00, 0x00, 0x3f, 0x00, 0x7e, 0x00, 0x00, 0x3f, 0x00,
    0x7e, 0x00, 0x00, 0x3f, 0x00, 0x7e, 0x00, 0x00, 0x3f, 0x00, 0x7e, 0x00, 0x00, 0x3f, 0x80, 0x7e,
    0x00, 0x00, 0x1f, 0x80, 0x7e, 0x00, 0x00, 0x1f, 0x80, 0x7e, 0x00, 0x00, 0x1f, 0x80, 0x7e, 0x00,
    0x00, 0x3f, 0x80, 0x7e, 0x00, 0x00, 0x3f, 0x00, 0x7e, 0x00, 0x00, 0x3f, 0x00, 0x7e, 0x00, 0x00,
    0x3f, 0x00, 0x7e, 0x00, 0x00, 0x3f, 0x00, 0x7f, 0x00, 0x00, 0x7f, 0x00, 0x3f, 0x00, 0x00, 0x7e,
    0x00, 0x3f, 0x80, 0x00, 0xfe, 0x00, 0x3f, 0x80, 0x00, 0xfe, 0x00, 0x1f, 0xc0, 0x01, 0xfc, 0x00,
    0x0f, 0xf0, 0x03, 0xfc, 0x00, 0x0f, 0xfc, 0x0f, 0xf8, 0x00, 0x07, 0xff, 0xff, 0xf0, 0x00, 0x03,
    0xff, 0xff, 0xe0, 0x00, 0x00, 0xff, 0xff, 0xc0, 0x00, 0x00, 0x7f, 0xff, 0x00, 0x00, 0x00, 0x0f,
    0xf8, 0x00, 0x00, 0x00, 0x03, 0xf8, 0x00, 0x00, 0x7e, 0x1f, 0xff, 0x00, 0x00, 0x7e, 0x3f, 0xff,
    0x80, 0x00, 0x7e, 0x7f, 0xff, 0xe0, 0x00, 0x7e, 0xff, 0xff, 0xf0, 0x00, 0x7f, 0xf8, 0x1f, 0xf0,
    0x00, 0x7f, 0xe0, 0x07, 0xf8, 0x00, 0x7f, 0xc0, 0x01, 0xfc, 0x00, 0x7f, 0x80, 0x01, 0xfc, 0x00,
    0x7f, 0x80, 0x00, 0xfe, 0x00, 0x7f, 0x00, 0x00, 0x7e, 0x00, 0x7f, 0x00, 0x00, 0x7e, 0x00, 0x7e,
    0x00, 0x00, 0x7e, 0x00, 0x7e, 0x00, 0x00, 0x3f, 0x00, 0x7e, 0x00, 0x00, 0x3f, 0x00, 0x7e, 0x00,
    0x00, 0x3f, 0x00, 0x7e, 0x00, 0x00, 0x3f, 0x00, 0x7e, 0x00, 0x00, 0x3f, 0x00, 0x7e, 0x00, 0x00,
    0x3f, 0x00, 0x7e, 0x00, 0x00, 0x3f, 0x00, 0x7e, 0x00, 0x00, 0x3f, 0x00, 0x7e, 0x00, 0x00, 0x3f,
    0x00, 0x7e, 0x00, 0x00, 0x3f, 0x00, 0x7e, 0x00, 0x00, 0x3f, 0x00, 0x7e, 0x00, 0x00, 0x7e, 0x00,
    0x7f, 0x00, 0x00, 0x7e, 0x00, 0x7f, 0x00, 0x00, 0x7e, 0x00, 0x7f, 0x80, 0x00, 0xfe, 0x00, 0x7f,
    0x80, 0x01, 0xfc, 0x00, 0x7f, 0xc0, 0x01, 0xfc, 0x00, 0x7f, 0xe0, 0x07, 0xf8, 0x00, 0x7f, 0xf8,
    0x1f, 0xf0, 0x00, 0x7e, 0xff, 0xff, 0xf0, 0x00, 0x7e, 0x7f, 0xff, 0xe0, 0x00, 0x7e, 0x3f, 0xff,
    0xc0, 0x00, 0x7e, 0x1f, 0xff, 0x00, 0x00, 0x7e, 0x03, 0xf8, 0x00, 0x00, 0x7e, 0x00, 0x00, 0x00,
    0x00, 0x7e, 0x00, 0x00, 0x00, 0x00, 0x7e, 0x00, 0x00, 0x00, 0x00, 0x7e, 0x00, 0x00, 0x00, 0x00,
    0x7e, 0x00, 0x00, 0x00, 0x00, 0x7e, 0x00, 0x00, 0x00, 0x00, 0x7e, 0x00, 0x00, 0x00, 0x00, 0x7e,
    0x00, 0x00, 0x00, 0x00, 0x7e, 0x00, 0x00, 0x00, 0x00, 0x7e, 0x00, 0x00, 0x00, 0x00, 0x7e, 0x00,
    0x00, 0x00, 0x00, 0x7e, 0x00, 0x00, 0x00, 0x00, 0x00, 0x1f, 0xe0, 0x00, 0x00, 0x7f, 0xf8, 0x3f,
    0x01, 0xff, 0xfe, 0x3f, 0x03, 0xff, 0xff, 0x3f, 0x07, 0xff, 0xff, 0xbf, 0x0f, 0xf8, 0x1f, 0xff,
    0x0f, 0xe0, 0x07, 0xff, 0x1f, 0xc0, 0x03, 0xff, 0x1f, 0x80, 0x01, 0xff, 0x3f, 0x80, 0x00, 0xff,
    0x3f, 0x00, 0x00, 0x7f, 0x7f, 0x00, 0x00, 0x7f, 0x7e, 0x00, 0x00, 0x7f, 0x7e, 0x00, 0x00, 0x3f,
    0x7e, 0x00, 0x00, 0x3f, 0x7e, 0x00, 0x00, 0x3f, 0x7e, 0x00, 0x00, 0x3f, 0x7e, 0x00, 0x00, 0x3f,
    0x7c, 0x00, 0x00, 0x3f, 0x7e, 0x00, 0x00, 0x3f, 0x7e, 0x00, 0x00, 0x3f, 0x7e, 0x00, 0x00, 0x3f,
    0x7e, 0x00, 0x00, 0x3f, 0x7e, 0x00, 0x00, 0x3f, 0x7e, 0x00, 0x00, 0x7f, 0x7f, 0x00, 0x00, 0x7f,
    0x3f, 0x00, 0x00, 0x7f, 0x3f, 0x80, 0x00, 0xff, 0x1f, 0x80, 0x01, 0xff, 0x1f, 0xc0, 0x03, 0xff,
    0x0f, 0xe0, 0x07, 0xff, 0x0f, 0xf8, 0x1f, 0xff, 0x07, 0xff, 0xff, 0xbf, 0x03, 0xff, 0xff, 0x3f,
    0x01, 0xff, 0xfe, 0x3f, 0x00, 0x7f, 0xfc, 0x3f, 0x00, 0x1f, 0xe0, 0x3f, 0x00, 0x00, 0x00, 0x3f,
    0x00, 0x00, 0x00, 0x3f, 0x00, 0x00, 0x00, 0x3f, 0x00, 0x00, 0x00, 0x3f, 0x00, 0x00, 0x00, 0x3f,
    0x00, 0x00, 0x00, 0x3f, 0x00, 0x00, 0x00, 0x3f, 0x00, 0x00, 0x00, 0x3f, 0x00, 0x00, 0x00, 0x3f,
    0x00, 0x00, 0x00, 0x3f, 0x00, 0x00, 0x00, 0x3f, 0x00, 0x00, 0x00, 0x3f, 0x00, 0x03, 0xf8, 0x7e,
    0x1f, 0xf8, 0x7e, 0x3f, 0xf8, 0x7e, 0x7f, 0xf8, 0x7e, 0xff, 0xf8, 0x7f, 0xf8, 0x08, 0x7f, 0xe0,
    0x00, 0x7f, 0xc0, 0x00, 0x7f, 0x80, 0x00, 0x7f, 0x00, 0x00, 0x7f, 0x00, 0x00, 0x7e, 0x00, 0x00,
    0x7e, 0x00, 0x00, 0x7e, 0x00, 0x00, 0x7e, 0x00, 0x00, 0x7e, 0x00, 0x00, 0x7e, 0x00, 0x00, 0x7e,
    0x00, 0x00, 0x7e, 0x00, 0x00, 0x7e, 0x00, 0x00, 0x7e, 0x00, 0x00, 0x7e, 0x00, 0x00, 0x7e, 0x00,
    0x00, 0x7e, 0x00, 0x00, 0x7e, 0x00, 0x00, 0x7e, 0x00, 0x00, 0x7e, 0x00, 0x00, 0x7e, 0x00, 0x00,
    0x7e, 0x00, 0x00, 0x7e, 0x00, 0x00, 0x7e, 0x00, 0x00, 0x7e, 0x00, 0x00, 0x7e, 0x00, 0x00, 0x7e,
    0x00, 0x00, 0x7e, 0x00, 0x00, 0x7e, 0x00, 0x00, 0x00, 0x7f, 0xe0, 0x00, 0x03, 0xff, 0xfc, 0x00,
    0x07, 0xff, 0xff, 0x00, 0x1f, 0xff, 0xff, 0x80, 0x1f, 0xff, 0xff, 0x80, 0x3f, 0xe0, 0x1f, 0x80,
    0x7f, 0x00, 0x03, 0x80, 0x7e, 0x00, 0x00, 0x80, 0x7e, 0x00, 0x00, 0x00, 0x7c, 0x00, 0x00, 0x00,
    0x7c, 0x00, 0x00, 0x00, 0x7c, 0x00, 0x00, 0x00, 0x7e, 0x00, 0x00, 0x00, 0x7f, 0x00, 0x00, 0x00,
    0x7f, 0x80, 0x00, 0x00, 0x3f, 0xf0, 0x00, 0x00, 0x1f, 0xff, 0x00, 0x00, 0x0f, 0xff, 0xf0, 0x00,
    0x07, 0xff, 0xfc, 0x00, 0x01, 0xff, 0xff, 0x00, 0x00, 0x3f, 0xff, 0x80, 0x00, 0x03, 0xff, 0xc0,
    0x00, 0x00, 0x3f, 0xc0, 0x00, 0x00, 0x0f, 0xe0, 0x00, 0x00, 0x07, 0xe0, 0x00, 0x00, 0x07, 0xe0,
    0x00, 0x00, 0x07, 0xe0, 0x00, 0x00, 0x07, 0xe0, 0x00, 0x00, 0x07, 0xe0, 0x40, 0x00, 0x0f, 0xe0,
    0xf0, 0x00, 0x1f, 0xc0, 0xff, 0x00, 0x7f, 0xc0, 0xff, 0xff, 0xff, 0x80, 0xff, 0xff, 0xff, 0x00,
    0xff, 0xff, 0xfe, 0x00, 0x3f, 0xff, 0xf8, 0x00, 0x01, 0xff, 0xc0, 0x00, 0x07, 0xe0, 0x00, 0x07,
    0xe0, 0x00, 0x07, 0xe0, 0x00, 0x07, 0xe0, 0x00, 0x07, 0xe0, 0x00, 0x07, 0xe0, 0x00, 0x07, 0xe0,
    0x00, 0x07, 0xe0, 0x00, 0x07, 0xe0, 0x00, 0x07, 0xe0, 0x00, 0x7f, 0xff, 0xfe, 0x7f, 0xff, 0xfe,
    0x7f, 0xff, 0xfe, 0x7f, 0xff, 0xfe, 0x7f, 0xff, 0xfe, 0x07, 0xe0, 0x00, 0x07, 0xe0, 0x00, 0x07,
    0xe0, 0x00, 0x07, 0xe0, 0x00, 0x07, 0xe0, 0x00, 0x07, 0xe0, 0x00, 0x07, 0xe0, 0x00, 0x07, 0xe0,
    0x00, 0x07, 0xe0, 0x00, 0x07, 0xe0, 0x00, 0x07, 0xe0, 0x00, 0x07, 0xe0, 0x00, 0x07, 0xe0, 0x00,
    0x07, 0xe0, 0x00, 0x07, 0xe0, 0x00, 0x07, 0xe0, 0x00, 0x07, 0xe0, 0x00, 0x07, 0xe0, 0x00, 0x07,
    0xe0, 0x00, 0x07, 0xe0, 0x00, 0x07, 0xe0, 0x00, 0x07, 0xe0, 0x00, 0x07, 0xe0, 0x00, 0x07, 0xf0,
    0x00, 0x03, 0xf8, 0x00, 0x03, 0xff, 0xfe, 0x01, 0xff, 0xfe, 0x01, 0xff, 0xfe, 0x00, 0x7f, 0xfe,
    0x00, 0x0f, 0xfe, 0xfc, 0x00, 0x00, 0xfc, 0xfc, 0x00, 0x00, 0xfc, 0xfc, 0x00, 0x00, 0xfc, 0xfc,
    0x00, 0x00, 0xfc, 0xfc, 0x00, 0x00, 0xfc, 0xfc, 0x00, 0x00, 0xfc, 0xfc, 0x00, 0x00, 0xfc, 0xfc,
    0x00, 0x00, 0xfc, 0xfc, 0x00, 0x00, 0xfc, 0xfc, 0x00, 0x00, 0xfc, 0xfc, 0x00, 0x00, 0xfc, 0xfc,
    0x00, 0x00, 0xfc, 0xfc, 0x00, 0x00, 0xfc, 0xfc, 0x00, 0x00, 0xfc, 0xfc, 0x00, 0x00, 0xfc, 0xfc,
    0x00, 0x00, 0xfc, 0xfc, 0x00, 0x00, 0xfc, 0xfc, 0x00, 0x00, 0xfc, 0xfc, 0x00, 0x00, 0xfc, 0xfc,
    0x00, 0x00, 0xfc, 0xfc, 0x00, 0x00, 0xfc, 0xfc, 0x00, 0x00, 0xfc, 0xfc, 0x00, 0x00, 0xfc, 0x7c,
    0x00, 0x00, 0xfc, 0x7c, 0x00, 0x01, 0xfc, 0x7e, 0x00, 0x01, 0xfc, 0x7e, 0x00, 0x03, 0xfc, 0x7e,
    0x00, 0x03, 0xfc, 0x3f, 0x00, 0x07, 0xfc, 0x3f, 0x80, 0x0f, 0xfc, 0x3f, 0xe0, 0x7f, 0xfc, 0x1f,
    0xff, 0xfe, 0xfc, 0x0f, 0xff, 0xfc, 0xfc, 0x07, 0xff, 0xf8, 0xfc, 0x03, 0xff, 0xe0, 0xfc, 0x00,
    0x7f, 0x80, 0x00, 0x7e, 0x00, 0x00, 0x07, 0xe0, 0x7f, 0x00, 0x00, 0x0f, 0xc0, 0x3f, 0x00, 0x00,
    0x0f, 0xc0, 0x3f, 0x00, 0x00, 0x0f, 0xc0, 0x1f, 0x80, 0x00, 0x1f, 0x80, 0x1f, 0x80, 0x00, 0x1f,
    0x80, 0x1f, 0x80, 0x00, 0x3f, 0x80, 0x0f, 0xc0, 0x00, 0x3f, 0x00, 0x0f, 0xc0, 0x00, 0x3f, 0x00,
    0x0f, 0xe0, 0x00, 0x7e, 0x00, 0x07, 0xe0, 0x00, 0x7e, 0x00, 0x07, 0xe0, 0x00, 0x7e, 0x00, 0x03,
    0xf0, 0x00, 0xfc, 0x00, 0x03, 0xf0, 0x00, 0xfc, 0x00, 0x03, 0xf0, 0x01, 0xfc, 0x00, 0x01, 0xf8,
    0x01, 0xf8, 0x00, 0x01, 0xf8, 0x01, 0xf8, 0x00, 0x01, 0xfc, 0x03, 0xf0, 0x00, 0x00, 0xfc, 0x03,
    0xf0, 0x00, 0x00, 0xfc, 0x03, 0xf0, 0x00, 0x00, 0x7e, 0x07, 0xe0, 0x00, 0x00, 0x7e, 0x07, 0xe0,
    0x00, 0x00, 0x7e, 0x0f, 0xe0, 0x00, 0x00, 0x3f, 0x0f, 0xc0, 0x00, 0x00, 0x3f, 0x0f, 0xc0, 0x00,
    0x00, 0x3f, 0x1f, 0x80, 0x00, 0x00, 0x1f, 0x9f, 0x80, 0x00, 0x00, 0x1f, 0x9f, 0x80, 0x00, 0x00,
    0x0f, 0xff, 0x00, 0x00, 0x00, 0x0f, 0xff, 0x00, 0x00, 0x00, 0x0f, 0xff, 0x00, 0x00, 0x00, 0x07,
    0xfe, 0x00, 0x00, 0x00, 0x07, 0xfe, 0x00, 0x00, 0x00, 0x07, 0xfc, 0x00, 0x00, 0x00, 0x03, 0xfc,
    0x00, 0x00, 0x7e, 0x00, 0x07, 0xf0, 0x00, 0x3f, 0x7e, 0x00, 0x0f, 0xf0, 0x00, 0x3e, 0x7e, 0x00,
    0x0f, 0xf0, 0x00, 0x7e, 0x3e, 0x00, 0x0f, 0xf0, 0x00, 0x7e, 0x3f, 0x00, 0x0f, 0xf8, 0x00, 0x7c,
    0x3f, 0x00, 0x1f, 0xf8, 0x00, 0xfc, 0x3f, 0x00, 0x1f, 0xf8, 0x00, 0xfc, 0x1f, 0x00, 0x1f, 0xfc,
    0x00, 0xfc, 0x1f, 0x80, 0x1f, 0x7c, 0x00, 0xf8, 0x1f, 0x80, 0x3e, 0x7c, 0x01, 0xf8, 0x1f, 0x80,
    0x3e, 0x7c, 0x01, 0xf8, 0x0f, 0x80, 0x3e, 0x3e, 0x01, 0xf8, 0x0f, 0xc0, 0x3e, 0x3e, 0x01, 0xf0,
    0x0f, 0xc0, 0x7c, 0x3e, 0x03, 0xf0, 0x0f, 0xc0, 0x7c, 0x3e, 0x03, 0xf0, 0x07, 0xe0, 0x7c, 0x1f,
    0x03, 0xf0, 0x07, 0xe0, 0xfc, 0x1f, 0x03, 0xe0, 0x07, 0xe0, 0xf8, 0x1f, 0x07, 0xe0, 0x03, 0xe0,
    0xf8, 0x1f, 0x07, 0xe0, 0x03, 0xf0, 0xf8, 0x0f, 0x87, 0xe0, 0x03, 0xf1, 0xf0, 0x0f, 0x87, 0xc0,
    0x03, 0xf1, 0xf0, 0x0f, 0x8f, 0xc0, 0x01, 0xf1, 0xf0, 0x0f, 0x8f, 0xc0, 0x01, 0xf9, 0xf0, 0x07,
    0xcf, 0xc0, 0x01, 0xfb, 0xe0, 0x07, 0xdf, 0x80, 0x01, 0xfb, 0xe0, 0x07, 0xdf, 0x80, 0x00, 0xff,
    0xe0, 0x07, 0xff, 0x80, 0x00, 0xff, 0xe0, 0x03, 0xff, 0x00, 0x00, 0xff, 0xc0, 0x03, 0xff, 0x00,
    0x00, 0xff, 0xc0, 0x03, 0xff, 0x00, 0x00, 0x7f, 0xc0, 0x01, 0xff, 0x00, 0x00, 0x7f, 0xc0, 0x01,
    0xfe, 0x00, 0x00, 0x7f, 0x80, 0x01, 0xfe, 0x00, 0x00, 0x7f, 0x80, 0x01, 0xfe, 0x00, 0x00, 0x3f,
    0x80, 0x00, 0xfe, 0x00, 0x3f, 0x80, 0x00, 0x1f, 0xc0, 0x1f, 0xc0, 0x00, 0x3f, 0x80, 0x0f, 0xe0,
    0x00, 0x7f, 0x00, 0x07, 0xe0, 0x00, 0x7f, 0x00, 0x07, 0xf0, 0x00, 0xfe, 0x00, 0x03, 0xf8, 0x01,
    0xfc, 0x00, 0x01, 0xfc, 0x01, 0xf8, 0x00, 0x00, 0xfc, 0x03, 0xf8, 0x00, 0x00, 0xfe, 0x07, 0xf0,
    0x00, 0x00, 0x7f, 0x0f, 0xe0, 0x00, 0x00, 0x3f, 0x8f, 0xc0, 0x00, 0x00, 0x1f, 0x9f, 0xc0, 0x00,
    0x00, 0x1f, 0xff, 0x80, 0x00, 0x00, 0x0f, 0xff, 0x00, 0x00, 0x00, 0x07, 0xfe, 0x00, 0x00, 0x00,
    0x03, 0xfe, 0x00, 0x00, 0x00, 0x03, 0xfc, 0x00, 0x00, 0x00, 0x03, 0xfc, 0x00, 0x00, 0x00, 0x07,
    0xfe, 0x00, 0x00, 0x00, 0x0f, 0xfe, 0x00, 0x00, 0x00, 0x0f, 0xff, 0x00, 0x00, 0x00, 0x1f, 0xff,
    0x80, 0x00, 0x00, 0x3f, 0x9f, 0xc0, 0x00, 0x00, 0x7f, 0x1f, 0xc0, 0x00, 0x00, 0x7e, 0x0f, 0xe0,
    0x00, 0x00, 0xfe, 0x07, 0xf0, 0x00, 0x01, 0xfc, 0x03, 0xf0, 0x00, 0x03, 0xf8, 0x03, 0xf8, 0x00,
    0x03, 0xf0, 0x01, 0xfc, 0x00, 0x07, 0xf0, 0x00, 0xfe, 0x00, 0x0f, 0xe0, 0x00, 0x7e, 0x00, 0x1f,
    0xc0, 0x00, 0x7f, 0x00, 0x1f, 0x80, 0x00, 0x3f, 0x80, 0x3f, 0x80, 0x00, 0x1f, 0xc0, 0x7f, 0x00,
    0x00, 0x0f, 0xc0, 0x7e, 0x00, 0x00, 0x07, 0xe0, 0x3f, 0x00, 0x00, 0x0f, 0xc0, 0x3f, 0x00, 0x00,
    0x0f, 0xc0, 0x3f, 0x00, 0x00, 0x1f, 0xc0, 0x1f, 0x80, 0x00, 0x1f, 0x80, 0x1f, 0x80, 0x00, 0x1f,
    0x80, 0x0f, 0xc0, 0x00, 0x3f, 0x00, 0x0f, 0xc0, 0x00, 0x3f, 0x00, 0x0f, 0xc0, 0x00, 0x7f, 0x00,
    0x07, 0xe0, 0x00, 0x7e, 0x00, 0x07, 0xe0, 0x00, 0x7e, 0x00, 0x03, 0xf0, 0x00, 0xfc, 0x00, 0x03,
    0xf0, 0x00, 0xfc, 0x00, 0x03, 0xf0, 0x01, 0xf8, 0x00, 0x01, 0xf8, 0x01, 0xf8, 0x00, 0x01, 0xf8,
    0x01, 0xf8, 0x00, 0x00, 0xfc, 0x03, 0xf0, 0x00, 0x00, 0xfc, 0x03, 0xf0, 0x00, 0x00, 0x7c, 0x07,
    0xe0, 0x00, 0x00, 0x7e, 0x07, 0xe0, 0x00, 0x00, 0x7e, 0x07, 0xe0, 0x00, 0x00, 0x3f, 0x0f, 0xc0,
    0x00, 0x00, 0x3f, 0x0f, 0xc0, 0x00, 0x00, 0x1f, 0x1f, 0x80, 0x00, 0x00, 0x1f, 0x9f, 0x80, 0x00,
    0x00, 0x1f, 0x9f, 0x80, 0x00, 0x00, 0x0f, 0xff, 0x00, 0x00, 0x00, 0x0f, 0xff, 0x00, 0x00, 0x00,
    0x07, 0xfe, 0x00, 0x00, 0x00, 0x07, 0xfe, 0x00, 0x00, 0x00, 0x07, 0xfe, 0x00, 0x00, 0x00, 0x03,
    0xfc, 0x00, 0x00, 0x00, 0x03, 0xfc, 0x00, 0x00, 0x00, 0x01, 0xf8, 0x00, 0x00, 0x00, 0x01, 0xf8,
    0x00, 0x00, 0x00, 0x01, 0xf8, 0x00, 0x00, 0x00, 0x03, 0xf0, 0x00, 0x00, 0x00, 0x03, 0xf0, 0x00,
    0x00, 0x00, 0x07, 0xe0, 0x00, 0x00, 0x00, 0x07, 0xe0, 0x00, 0x00, 0x00, 0x0f, 0xc0, 0x00, 0x00,
    0x00, 0x0f, 0xc0, 0x00, 0x00, 0x00, 0x3f, 0x80, 0x00, 0x00, 0x0f, 0xff, 0x80, 0x00, 0x00, 0x0f,
    0xff, 0x00, 0x00, 0x00, 0x0f, 0xfe, 0x00, 0x00, 0x00, 0x0f, 0xfc, 0x00, 0x00, 0x00, 0x0f, 0xf0,
    0x00, 0x00, 0x00, 0x3f, 0xff, 0xff, 0xf8, 0x3f, 0xff, 0xff, 0xf8, 0x3f, 0xff, 0xff, 0xf8, 0x3f,
    0xff, 0xff, 0xf8, 0x3f, 0xff, 0xff, 0xf8, 0x00, 0x00, 0x03, 0xf8, 0x00, 0x00, 0x07, 0xf0, 0x00,
    0x00, 0x0f, 0xe0, 0x00, 0x00, 0x1f, 0xc0, 0x00, 0x00, 0x3f, 0x80, 0x00, 0x00, 0x3f, 0x00, 0x00,
    0x00, 0x7e, 0x00, 0x00, 0x00, 0xfc, 0x00, 0x00, 0x01, 0xfc, 0x00, 0x00, 0x03, 0xf8, 0x00, 0x00,
    0x07, 0xf0, 0x00, 0x00, 0x0f, 0xe0, 0x00, 0x00, 0x1f, 0xc0, 0x00, 0x00, 0x1f, 0x80, 0x00, 0x00,
    0x3f, 0x00, 0x00, 0x00, 0x7e, 0x00, 0x00, 0x00, 0xfe, 0x00, 0x00, 0x01, 0xfc, 0x00, 0x00, 0x03,
    0xf8, 0x00, 0x00, 0x07, 0xf0, 0x00, 0x00, 0x07, 0xe0, 0x00, 0x00, 0x0f, 0xc0, 0x00, 0x00, 0x1f,
    0x80, 0x00, 0x00, 0x3f, 0x80, 0x00, 0x00, 0x7f, 0x00, 0x00, 0x00, 0x7f, 0xff, 0xff, 0xf8, 0x7f,
    0xff, 0xff, 0xf8, 0x7f, 0xff, 0xff, 0xf8, 0x7f, 0xff, 0xff, 0xf8, 0x7f, 0xff, 0xff, 0xf8, 0x00,
    0x00, 0x7f, 0x80, 0x00, 0x03, 0xff, 0x80, 0x00, 0x0f, 0xff, 0x80, 0x00, 0x1f, 0xff, 0x80, 0x00,
    0x1f, 0xff, 0x80, 0x00, 0x1f, 0xc0, 0x00, 0x00, 0x3f, 0x80, 0x00, 0x00, 0x3f, 0x00, 0x00, 0x00,
    0x3f, 0x00, 0x00, 0x00, 0x3f, 0x00, 0x00, 0x00, 0x3f, 0x00, 0x00, 0x00, 0x3f, 0x00, 0x00, 0x00,
    0x3f, 0x00, 0x00, 0x00, 0x3f, 0x00, 0x00, 0x00, 0x3f, 0x00, 0x00, 0x00, 0x3f, 0x00, 0x00, 0x00,
    0x3f, 0x00, 0x00, 0x00, 0x3f, 0x00, 0x00, 0x00, 0x3f, 0x00, 0x00, 0x00, 0x3e, 0x00, 0x00, 0x00,
    0x3e, 0x00, 0x00, 0x00, 0x3e, 0x00, 0x00, 0x00, 0x7e, 0x00, 0x00, 0x00, 0x7e, 0x00, 0x00, 0x00,
    0x7e, 0x00, 0x00, 0x00, 0xfe, 0x00, 0x00, 0x03, 0xfc, 0x00, 0x00, 0xff, 0xf8, 0x00, 0x00, 0xff,
    0xf0, 0x00, 0x00, 0xff, 0xc0, 0x00, 0x00, 0xff, 0xf0, 0x00, 0x00, 0xff, 0xf8, 0x00, 0x00, 0x03,
    0xfc, 0x00, 0x00, 0x00, 0xfe, 0x00, 0x00, 0x00, 0xfe, 0x00, 0x00, 0x00, 0x7e, 0x00, 0x00, 0x00,
    0x7e, 0x00, 0x00, 0x00, 0x7e, 0x00, 0x00, 0x00, 0x3e, 0x00, 0x00, 0x00, 0x3e, 0x00, 0x00, 0x00,
    0x3f, 0x00, 0x00, 0x00, 0x3f, 0x00, 0x00, 0x00, 0x3f, 0x00, 0x00, 0x00, 0x3f, 0x00, 0x00, 0x00,
    0x3f, 0x00, 0x00, 0x00, 0x3f, 0x00, 0x00, 0x00, 0x3f, 0x00, 0x00, 0x00, 0x3f, 0x00, 0x00, 0x00,
    0x3f, 0x00, 0x00, 0x00, 0x3f, 0x00, 0x00, 0x00, 0x3f, 0x00, 0x00, 0x00, 0x3f, 0x00, 0x00, 0x00,
    0x3f, 0x80, 0x00, 0x00, 0x1f, 0xc0, 0x00, 0x00, 0x1f, 0xff, 0x80, 0x00, 0x1f, 0xff, 0x80, 0x00,
    0x0f, 0xff, 0x80, 0x00, 0x03, 0xff, 0x80, 0x00, 0x00, 0x7f, 0x80, 0xf8, 0xf8, 0xf8, 0xf8, 0xf8,
    0xf8, 0xf8, 0xf8, 0xf8, 0xf8, 0xf8, 0xf8, 0xf8, 0xf8, 0xf8, 0xf8, 0xf8, 0xf8, 0xf8, 0xf8, 0xf8,
    0xf8, 0xf8, 0xf8, 0xf8, 0xf8, 0xf8, 0xf8, 0xf8, 0xf8, 0xf8, 0xf8, 0xf8, 0xf8, 0xf8, 0xf8, 0xf8,
    0xf8, 0xf8, 0xf8, 0xf8, 0xf8, 0xf8, 0xf8, 0xf8, 0xf8, 0xf8, 0xf8, 0xf8, 0xf8, 0xf8, 0xf8, 0xf8,
    0xf8, 0xf8, 0xf8, 0xf8, 0xf8, 0xf8, 0xf8, 0xf8, 0xf8, 0xf8, 0xf8, 0xff, 0x00, 0x00, 0x00, 0xff,
    0xe0, 0x00, 0x00, 0xff, 0xf0, 0x00, 0x00, 0xff, 0xf8, 0x00, 0x00, 0xff, 0xfc, 0x00, 0x00, 0x03,
    0xfc, 0x00, 0x00, 0x00, 0xfc, 0x00, 0x00, 0x00, 0x7e, 0x00, 0x00, 0x00, 0x7e, 0x00, 0x00, 0x00,
    0x7e, 0x00, 0x00, 0x00, 0x7e, 0x00, 0x00, 0x00, 0x7e, 0x00, 0x00, 0x00, 0x7e, 0x00, 0x00, 0x00,
    0x7e, 0x00, 0x00, 0x00, 0x7e, 0x00, 0x00, 0x00, 0x7e, 0x00, 0x00, 0x00, 0x7e, 0x00, 0x00, 0x00,
    0x7e, 0x00, 0x00, 0x00, 0x7e, 0x00, 0x00, 0x00, 0x7e, 0x00, 0x00, 0x00, 0x7e, 0x00, 0x00, 0x00,
    0x7e, 0x00, 0x00, 0x00, 0x7e, 0x00, 0x00, 0x00, 0x3f, 0x00, 0x00, 0x00, 0x3f, 0x00, 0x00, 0x00,
    0x3f, 0x80, 0x00, 0x00, 0x1f, 0xe0, 0x00, 0x00, 0x1f, 0xff, 0x80, 0x00, 0x07, 0xff, 0x80, 0x00,
    0x01, 0xff, 0x80, 0x00, 0x07, 0xff, 0x80, 0x00, 0x0f, 0xff, 0x80, 0x00, 0x1f, 0xe0, 0x00, 0x00,
    0x3f, 0x80, 0x00, 0x00, 0x3f, 0x00, 0x00, 0x00, 0x3f, 0x00, 0x00, 0x00, 0x7e, 0x00, 0x00, 0x00,
    0x7e, 0x00, 0x00, 0x00, 0x7e, 0x00, 0x00, 0x00, 0x7e, 0x00, 0x00, 0x00, 0x7e, 0x00, 0x00, 0x00,
    0x7e, 0x00, 0x00, 0x00, 0x7e, 0x00, 0x00, 0x00, 0x7e, 0x00, 0x00, 0x00, 0x7e, 0x00, 0x00, 0x00,
    0x7e, 0x00, 0x00, 0x00, 0x7e, 0x00, 0x00, 0x00, 0x7e, 0x00, 0x00, 0x00, 0x7e, 0x00, 0x00, 0x00,
    0x7e, 0x00, 0x00, 0x00, 0x7e, 0x00, 0x00, 0x00, 0x7e, 0x00, 0x00, 0x00, 0xfc, 0x00, 0x00, 0x03,
    0xfc, 0x00, 0x00, 0xff, 0xfc, 0x00, 0x00, 0xff, 0xf8, 0x00, 0x00, 0xff, 0xf0, 0x00, 0x00, 0xff,
    0xe0, 0x00, 0x00, 0xff, 0x00, 0x00, 0x00, 0x00, 0x00, 0x00, 0x00, 0x00, 0x00, 0x00, 0x7f, 0x80,
    0x00, 0x01, 0x80, 0x03, 0xff, 0xf0, 0x00, 0x03, 0x80, 0x0f, 0xff, 0xfe, 0x00, 0x0f, 0x80, 0x3f,
    0xff, 0xff, 0xc0, 0x7f, 0x80, 0x7f, 0xff, 0xff, 0xff, 0xff, 0x80, 0x7f, 0x81, 0xff, 0xff, 0xff,
    0x00, 0x7c, 0x00, 0x1f, 0xff, 0xfc, 0x00, 0x70, 0x00, 0x03, 0xff, 0xf0, 0x00, 0x60, 0x00, 0x00,
    0x7f, 0x80, 0x00, 0x00, 0x00, 0x00, 0x00, 0x00, 0x00,
};

static const font_glyph_t k_glyphs[95] = {
    {.width = 0,
     .height = 0,
     .x_offset = 0,
     .y_offset = 0,
     .x_advance = 20,
     .bitmap_offset = 0},  // 0x20 ' '
    {.width = 7,
     .height = 47,
     .x_offset = 9,
     .y_offset = -47,
     .x_advance = 26,
     .bitmap_offset = 0},  // 0x21 '!'
    {.width = 18,
     .height = 17,
     .x_offset = 6,
     .y_offset = -47,
     .x_advance = 29,
     .bitmap_offset = 47},  // 0x22 '"'
    {.width = 45,
     .height = 46,
     .x_offset = 4,
     .y_offset = -46,
     .x_advance = 54,
     .bitmap_offset = 98},  // 0x23 '#'
    {.width = 31,
     .height = 57,
     .x_offset = 5,
     .y_offset = -48,
     .x_advance = 41,
     .bitmap_offset = 374},  // 0x24 '$'
    {.width = 55,
     .height = 49,
     .x_offset = 3,
     .y_offset = -48,
     .x_advance = 61,
     .bitmap_offset = 602},  // 0x25 '%'
    {.width = 44,
     .height = 49,
     .x_offset = 4,
     .y_offset = -48,
     .x_advance = 50,
     .bitmap_offset = 945},  // 0x26 '&'
    {.width = 6,
     .height = 17,
     .x_offset = 6,
     .y_offset = -47,
     .x_advance = 18,
     .bitmap_offset = 1239},  // 0x27 '\''
    {.width = 15,
     .height = 57,
     .x_offset = 5,
     .y_offset = -49,
     .x_advance = 25,
     .bitmap_offset = 1256},  // 0x28 '('
    {.width = 15,
     .height = 57,
     .x_offset = 5,
     .y_offset = -49,
     .x_advance = 25,
     .bitmap_offset = 1370},  // 0x29 ')'
    {.width = 30,
     .height = 30,
     .x_offset = 1,
     .y_offset = -48,
     .x_advance = 32,
     .bitmap_offset = 1484},  // 0x2a '*'
    {.width = 41,
     .height = 39,
     .x_offset = 6,
     .y_offset = -39,
     .x_advance = 54,
     .bitmap_offset = 1604},  // 0x2b '+'
    {.width = 11,
     .height = 15,
     .x_offset = 4,
     .y_offset = -8,
     .x_advance = 20,
     .bitmap_offset = 1838},  // 0x2c ','
    {.width = 17,
     .height = 5,
     .x_offset = 3,
     .y_offset = -20,
     .x_advance = 23,
     .bitmap_offset = 1868},  // 0x2d '-'
    {.width = 8,
     .height = 8,
     .x_offset = 6,
     .y_offset = -8,
     .x_advance = 20,
     .bitmap_offset = 1883},  // 0x2e '.'
    {.width = 22,
     .height = 53,
     .x_offset = 0,
     .y_offset = -47,
     .x_advance = 22,
     .bitmap_offset = 1891},  // 0x2f '/'
    {.width = 33,
     .height = 49,
     .x_offset = 4,
     .y_offset = -48,
     .x_advance = 41,
     .bitmap_offset = 2050},  // 0x30 '0'
    {.width = 28,
     .height = 47,
     .x_offset = 7,
     .y_offset = -47,
     .x_advance = 41,
     .bitmap_offset = 2295},  // 0x31 '1'
    {.width = 31,
     .height = 48,
     .x_offset = 4,
     .y_offset = -48,
     .x_advance = 41,
     .bitmap_offset = 2483},  // 0x32 '2'
    {.width = 32,
     .height = 49,
     .x_offset = 4,
     .y_offset = -48,
     .x_advance = 41,
     .bitmap_offset = 2675},  // 0x33 '3'
    {.width = 35,
     .height = 47,
     .x_offset = 3,
     .y_offset = -47,
     .x_advance = 41,
     .bitmap_offset = 2871},  // 0x34 '4'
    {.width = 32,
     .height = 48,
     .x_offset = 4,
     .y_offset = -47,
     .x_advance = 41,
     .bitmap_offset = 3106},  // 0x35 '5'
    {.width = 33,
     .height = 49,
     .x_offset = 4,
     .y_offset = -48,
     .x_advance = 41,
     .bitmap_offset = 3298},  // 0x36 '6'
    {.width = 31,
     .height = 47,
     .x_offset = 5,
     .y_offset = -47,
     .x_advance = 41,
     .bitmap_offset = 3543},  // 0x37 '7'
    {.width = 33,
     .height = 49,
     .x_offset = 4,
     .y_offset = -48,
     .x_advance = 41,
     .bitmap_offset = 3731},  // 0x38 '8'
    {.width = 33,
     .height = 49,
     .x_offset = 4,
     .y_offset = -48,
     .x_advance = 41,
     .bitmap_offset = 3976},  // 0x39 '9'
    {.width = 8,
     .height = 33,
     .x_offset = 7,
     .y_offset = -33,
     .x_advance = 22,
     .bitmap_offset = 4221},  // 0x3a ':'
    {.width = 11,
     .height = 40,
     .x_offset = 4,
     .y_offset = -33,
     .x_advance = 22,
     .bitmap_offset = 4254},  // 0x3b ';'
    {.width = 41,
     .height = 34,
     .x_offset = 6,
     .y_offset = -37,
     .x_advance = 54,
     .bitmap_offset = 4334},  // 0x3c '<'
    {.width = 41,
     .height = 18,
     .x_offset = 6,
     .y_offset = -29,
     .x_advance = 54,
     .bitmap_offset = 4538},  // 0x3d '='
    {.width = 41,
     .height = 34,
     .x_offset = 6,
     .y_offset = -37,
     .x_advance = 54,
     .bitmap_offset = 4646},  // 0x3e '>'
    {.width = 26,
     .height = 48,
     .x_offset = 4,
     .y_offset = -48,
     .x_advance = 34,
     .bitmap_offset = 4850},  // 0x3f '?'
    {.width = 56,
     .height = 56,
     .x_offset = 4,
     .y_offset = -45,
     .x_advance = 64,
     .bitmap_offset = 5042},  // 0x40 '@'
    {.width = 44,
     .height = 47,
     .x_offset = 0,
     .y_offset = -47,
     .x_advance = 44,
     .bitmap_offset = 5434},  // 0x41 'A'
    {.width = 34,
     .height = 47,
     .x_offset = 6,
     .y_offset = -47,
     .x_advance = 44,
     .bitmap_offset = 5716},  // 0x42 'B'
    {.width = 39,
     .height = 49,
     .x_offset = 3,
     .y_offset = -48,
     .x_advance = 45,
     .bitmap_offset = 5951},  // 0x43 'C'
    {.width = 40,
     .height = 47,
     .x_offset = 6,
     .y_offset = -47,
     .x_advance = 49,
     .bitmap_offset = 6196},  // 0x44 'D'
    {.width = 31,
     .height = 47,
     .x_offset = 6,
     .y_offset = -47,
     .x_advance = 40,
     .bitmap_offset = 6431},  // 0x45 'E'
    {.width = 28,
     .height = 47,
     .x_offset = 6,
     .y_offset = -47,
     .x_advance = 37,
     .bitmap_offset = 6619},  // 0x46 'F'
    {.width = 42,
     .height = 49,
     .x_offset = 3,
     .y_offset = -48,
     .x_advance = 50,
     .bitmap_offset = 6807},  // 0x47 'G'
    {.width = 36,
     .height = 47,
     .x_offset = 6,
     .y_offset = -47,
     .x_advance = 48,
     .bitmap_offset = 7101},  // 0x48 'H'
    {.width = 7,
     .height = 47,
     .x_offset = 6,
     .y_offset = -47,
     .x_advance = 19,
     .bitmap_offset = 7336},  // 0x49 'I'
    {.width = 17,
     .height = 60,
     .x_offset = -4,
     .y_offset = -47,
     .x_advance = 19,
     .bitmap_offset = 7383},  // 0x4a 'J'
    {.width = 38,
     .height = 47,
     .x_offset = 6,
     .y_offset = -47,
     .x_advance = 42,
     .bitmap_offset = 7563},  // 0x4b 'K'
    {.width = 30,
     .height = 47,
     .x_offset = 6,
     .y_offset = -47,
     .x_advance = 36,
     .bitmap_offset = 7798},  // 0x4c 'L'
    {.width = 43,
     .height = 47,
     .x_offset = 6,
     .y_offset = -47,
     .x_advance = 55,
     .bitmap_offset = 7986},  // 0x4d 'M'
    {.width = 36,
     .height = 47,
     .x_offset = 6,
     .y_offset = -47,
     .x_advance = 48,
     .bitmap_offset = 8268},  // 0x4e 'N'
    {.width = 44,
     .height = 49,
     .x_offset = 3,
     .y_offset = -48,
     .x_advance = 50,
     .bitmap_offset = 8503},  // 0x4f 'O'
    {.width = 31,
     .height = 47,
     .x_offset = 6,
     .y_offset = -47,
     .x_advance = 39,
     .bitmap_offset = 8797},  // 0x50 'P'
    {.width = 44,
     .height = 56,
     .x_offset = 3,
     .y_offset = -48,
     .x_advance = 50,
     .bitmap_offset = 8985},  // 0x51 'Q'
    {.width = 37,
     .height = 47,
     .x_offset = 6,
     .y_offset = -47,
     .x_advance = 44,
     .bitmap_offset = 9321},  // 0x52 'R'
    {.width = 34,
     .height = 49,
     .x_offset = 4,
     .y_offset = -48,
     .x_advance = 41,
     .bitmap_offset = 9556},  // 0x53 'S'
    {.width = 41,
     .height = 47,
     .x_offset = -1,
     .y_offset = -47,
     .x_advance = 39,
     .bitmap_offset = 9801},  // 0x54 'T'
    {.width = 37,
     .height = 48,
     .x_offset = 5,
     .y_offset = -47,
     .x_advance = 47,
     .bitmap_offset = 10083},  // 0x55 'U'
    {.width = 44,
     .height = 47,
     .x_offset = 0,
     .y_offset = -47,
     .x_advance = 44,
     .bitmap_offset = 10323},  // 0x56 'V'
    {.width = 60,
     .height = 47,
     .x_offset = 2,
     .y_offset = -47,
     .x_advance = 63,
     .bitmap_offset = 10605},  // 0x57 'W'
    {.width = 41,
     .height = 47,
     .x_offset = 1,
     .y_offset = -47,
     .x_advance = 44,
     .bitmap_offset = 10981},  // 0x58 'X'
    {.width = 41,
     .height = 47,
     .x_offset = -1,
     .y_offset = -47,
     .x_advance = 39,
     .bitmap_offset = 11263},  // 0x59 'Y'
    {.width = 39,
     .height = 47,
     .x_offset = 2,
     .y_offset = -47,
     .x_advance = 44,
     .bitmap_offset = 11545},  // 0x5a 'Z'
    {.width = 14,
     .height = 57,
     .x_offset = 5,
     .y_offset = -49,
     .x_advance = 25,
     .bitmap_offset = 11780},  // 0x5b '['
    {.width = 22,
     .height = 53,
     .x_offset = 0,
     .y_offset = -47,
     .x_advance = 22,
     .bitmap_offset = 11894},  // 0x5c '\'
    {.width = 14,
     .height = 57,
     .x_offset = 6,
     .y_offset = -49,
     .x_advance = 25,
     .bitmap_offset = 12053},  // 0x5d ']'
    {.width = 41,
     .height = 17,
     .x_offset = 6,
     .y_offset = -47,
     .x_advance = 54,
     .bitmap_offset = 12167},  // 0x5e '^'
    {.width = 34,
     .height = 5,
     .x_offset = -1,
     .y_offset = 10,
     .x_advance = 32,
     .bitmap_offset = 12269},  // 0x5f '_'
    {.width = 16,
     .height = 12,
     .x_offset = 5,
     .y_offset = -51,
     .x_advance = 32,
     .bitmap_offset = 12294},  // 0x60 '`'
    {.width = 31,
     .height = 37,
     .x_offset = 3,
     .y_offset = -36,
     .x_advance = 39,
     .bitmap_offset = 12318},  // 0x61 'a'
    {.width = 33,
     .height = 50,
     .x_offset = 5,
     .y_offset = -49,
     .x_advance = 41,
     .bitmap_offset = 12466},  // 0x62 'b'
    {.width = 29,
     .height = 37,
     .x_offset = 3,
     .y_offset = -36,
     .x_advance = 35,
     .bitmap_offset = 12716},  // 0x63 'c'
    {.width = 32,
     .height = 50,
     .x_offset = 3,
     .y_offset = -49,
     .x_advance = 41,
     .bitmap_offset = 12864},  // 0x64 'd'
    {.width = 33,
     .height = 37,
     .x_offset = 3,
     .y_offset = -36,
     .x_advance = 39,
     .bitmap_offset = 13064},  // 0x65 'e'
    {.width = 23,
     .height = 49,
     .x_offset = 1,
     .y_offset = -49,
     .x_advance = 23,
     .bitmap_offset = 13249},  // 0x66 'f'
    {.width = 32,
     .height = 49,
     .x_offset = 3,
     .y_offset = -36,
     .x_advance = 41,
     .bitmap_offset = 13396},  // 0x67 'g'
    {.width = 31,
     .height = 49,
     .x_offset = 5,
     .y_offset = -49,
     .x_advance = 41,
     .bitmap_offset = 13592},  // 0x68 'h'
    {.width = 6,
     .height = 49,
     .x_offset = 6,
     .y_offset = -49,
     .x_advance = 18,
     .bitmap_offset = 13788},  // 0x69 'i'
    {.width = 14,
     .height = 62,
     .x_offset = -2,
     .y_offset = -49,
     .x_advance = 18,
     .bitmap_offset = 13837},  // 0x6a 'j'
    {.width = 32,
     .height = 49,
     .x_offset = 5,
     .y_offset = -49,
     .x_advance = 37,
     .bitmap_offset = 13961},  // 0x6b 'k'
    {.width = 6,
     .height = 49,
     .x_offset = 6,
     .y_offset = -49,
     .x_advance = 18,
     .bitmap_offset = 14157},  // 0x6c 'l'
    {.width = 52,
     .height = 36,
     .x_offset = 5,
     .y_offset = -36,
     .x_advance = 62,
     .bitmap_offset = 14206},  // 0x6d 'm'
    {.width = 31,
     .height = 36,
     .x_offset = 5,
     .y_offset = -36,
     .x_advance = 41,
     .bitmap_offset = 14458},  // 0x6e 'n'
    {.width = 33,
     .height = 37,
     .x_offset = 3,
     .y_offset = -36,
     .x_advance = 39,
     .bitmap_offset = 14602},  // 0x6f 'o'
    {.width = 33,
     .height = 49,
     .x_offset = 5,
     .y_offset = -36,
     .x_advance = 41,
     .bitmap_offset = 14787},  // 0x70 'p'
    {.width = 32,
     .height = 49,
     .x_offset = 3,
     .y_offset = -36,
     .x_advance = 41,
     .bitmap_offset = 15032},  // 0x71 'q'
    {.width = 22,
     .height = 36,
     .x_offset = 5,
     .y_offset = -36,
     .x_advance = 26,
     .bitmap_offset = 15228},  // 0x72 'r'
    {.width = 28,
     .height = 37,
     .x_offset = 3,
     .y_offset = -36,
     .x_advance = 33,
     .bitmap_offset = 15336},  // 0x73 's'
    {.width = 23,
     .height = 45,
     .x_offset = 1,
     .y_offset = -45,
     .x_advance = 25,
     .bitmap_offset = 15484},  // 0x74 't'
    {.width = 30,
     .height = 36,
     .x_offset = 5,
     .y_offset = -35,
     .x_advance = 41,
     .bitmap_offset = 15619},  // 0x75 'u'
    {.width = 35,
     .height = 35,
     .x_offset = 1,
     .y_offset = -35,
     .x_advance = 38,
     .bitmap_offset = 15763},  // 0x76 'v'
    {.width = 48,
     .height = 35,
     .x_offset = 2,
     .y_offset = -35,
     .x_advance = 52,
     .bitmap_offset = 15938},  // 0x77 'w'
    {.width = 35,
     .height = 35,
     .x_offset = 1,
     .y_offset = -35,
     .x_advance = 38,
     .bitmap_offset = 16148},  // 0x78 'x'
    {.width = 35,
     .height = 48,
     .x_offset = 1,
     .y_offset = -35,
     .x_advance = 38,
     .bitmap_offset = 16323},  // 0x79 'y'
    {.width = 29,
     .height = 35,
     .x_offset = 2,
     .y_offset = -35,
     .x_advance = 34,
     .bitmap_offset = 16563},  // 0x7a 'z'
    {.width = 25,
     .height = 59,
     .x_offset = 8,
     .y_offset = -49,
     .x_advance = 41,
     .bitmap_offset = 16703},  // 0x7b '{'
    {.width = 6,
     .height = 64,
     .x_offset = 8,
     .y_offset = -49,
     .x_advance = 22,
     .bitmap_offset = 16939},  // 0x7c '|'
    {.width = 25,
     .height = 59,
     .x_offset = 8,
     .y_offset = -49,
     .x_advance = 41,
     .bitmap_offset = 17003},  // 0x7d '}'
    {.width = 41,
     .height = 11,
     .x_offset = 6,
     .y_offset = -26,
     .x_advance = 54,
     .bitmap_offset = 17239},  // 0x7e '~'
};

const font_t font_dejavu_sans_64 = {
    .name = "DejaVu Sans 64px",
    .line_height = 76,
    .first_codepoint = 0x20,
    .glyph_count = 95,
    .glyphs = k_glyphs,
    .bitmap_data = k_bitmap_data,
};
